장르,순위,아티스트,곡명,앨범,앨범이미지
발라드,1,시우민 (XIUMIN),후우 (Who?),우리의 봄 : 후우(Who?),https://cdnimg.melon.co.kr/cm2/album/images/112/19/995/11219995_20230407160455_500.jpg/melon/resize/282/quality/80/optimize,
발라드,2,주호,가장 아름다운 시간이었다,가장 아름다운 시간이었다,https://cdnimg.melon.co.kr/cm2/album/images/112/19/100/11219100_20230406150807_500.jpg/melon/resize/282/quality/80/optimize,
발라드,3,박현규 (VROMANCE),내 마음대로 되는 일 하나 없어,내 마음대로 되는 일 하나 없어,https://cdnimg.melon.co.kr/cm2/album/images/112/19/937/11219937_20230407153435_500.jpg/melon/resize/282/quality/80/optimize,
발라드,4,클린코튼,잠들고 싶은 그대들과,잠들고 싶은 그대들과,https://cdnimg.melon.co.kr/cm2/album/images/112/19/678/11219678_20230407114222_500.jpg/melon/resize/282/quality/80/optimize,
발라드,5,줄쟁이와북쟁이,개미,개미,https://cdnimg.melon.co.kr/cm2/album/images/112/20/021/11220021_20230407163334_500.jpg/melon/resize/282/quality/80/optimize,
발라드,6,오소린,봄날의 카페 (With 전태민),봄날의 카페,https://cdnimg.melon.co.kr/cm2/album/images/112/19/939/11219939_20230407153456_500.jpg/melon/resize/282/quality/80/optimize,
발라드,7,박주영,널 사랑하고 있어,널 사랑하고 있어,https://cdnimg.melon.co.kr/cm2/album/images/112/19/856/11219856_20230407144219_500.jpg/melon/resize/282/quality/80/optimize,
발라드,8,슨슨생,다미 (부제: 모든 것이 잘 될거야),다미,https://cdnimg.melon.co.kr/cm2/album/images/112/19/691/11219691_20230407115428_500.jpg/melon/resize/282/quality/80/optimize,
발라드,9,최수빈,월요일을 내어준다는 건,월요일을 내어준다는 건,https://cdnimg.melon.co.kr/cm2/album/images/112/19/655/11219655_20230407110840_500.jpg/melon/resize/282/quality/80/optimize,
발라드,10,유태,그때가 그리운 걸까,그때가 그리운 걸까,https://cdnimg.melon.co.kr/cm2/album/images/112/19/646/11219646_20230407110441_500.jpg/melon/resize/282/quality/80/optimize,
발라드,11,임단우,봄이 왔나봐,봄이 왔나봐,https://cdnimg.melon.co.kr/cm2/album/images/112/19/626/11219626_20230407104221_500.jpg/melon/resize/282/quality/80/optimize,
발라드,12,늘봄 (NL VOM),"세상이 온통 너였던 그때 내 마음 (Feat. 프리멜로, 귤(GYUL), 정영윤)",세상이 온통 너였던 그때 내 마음,https://cdnimg.melon.co.kr/cm2/album/images/112/19/625/11219625_20230407104014_500.jpg/melon/resize/282/quality/80/optimize,
발라드,13,소각소각,어쩌다 우린,누군가의 플레이리스트 #14,https://cdnimg.melon.co.kr/cm2/album/images/112/19/686/11219686_20230407114644_500.jpg/melon/resize/282/quality/80/optimize,
발라드,14,제이세라,슬픔이 없는 아이처럼,슬픔이 없는 아이처럼,https://cdnimg.melon.co.kr/cm2/album/images/112/19/618/11219618_20230407103547_500.jpg/melon/resize/282/quality/80/optimize,
발라드,15,우은미 (Woo Eun Mi),아직은 그대가 없이는,아직은 그대가 없이는,https://cdnimg.melon.co.kr/cm2/album/images/112/19/664/11219664_20230407111447_500.jpg/melon/resize/282/quality/80/optimize,
발라드,16,양현준(Hj),이별따위,Have to,https://cdnimg.melon.co.kr/cm2/album/images/112/20/020/11220020_20230407163220_500.jpg/melon/resize/282/quality/80/optimize,
발라드,17,이대한,같은 걸음,같은 걸음,https://cdnimg.melon.co.kr/cm2/album/images/112/19/908/11219908_20230407152258_500.jpg/melon/resize/282/quality/80/optimize,
발라드,18,이준희,회상,회상,https://cdnimg.melon.co.kr/cm2/album/images/112/19/679/11219679_20230407114337_500.jpg/melon/resize/282/quality/80/optimize,
발라드,19,머문 (MEOMUN),또,또,https://cdnimg.melon.co.kr/cm2/album/images/112/19/617/11219617_20230407103450_500.jpg/melon/resize/282/quality/80/optimize,
발라드,20,홍진영,술 한잔 해요,별의 자리 vol.1,https://cdnimg.melon.co.kr/cm2/album/images/112/18/754/11218754_20230406103915_500.jpg/melon/resize/282/quality/80/optimize,
발라드,21,주예인,내 이름을 불러줘,내 이름을 불러줘,https://cdnimg.melon.co.kr/cm2/album/images/112/19/150/11219150_20230406153553_500.jpg/melon/resize/282/quality/80/optimize,
발라드,22,차서원,Beautiful day,비의도적 연애담 OST Part.5,https://cdnimg.melon.co.kr/cm2/album/images/112/19/085/11219085_20230406150444_500.jpg/melon/resize/282/quality/80/optimize,
발라드,23,꼬마견,난 내가,난 내가,https://cdnimg.melon.co.kr/cm2/album/images/112/19/597/11219597_20230407103239_500.jpg/melon/resize/282/quality/80/optimize,
발라드,24,아카츠키 (문경빈),나의 바다,나의 바다,https://cdnimg.melon.co.kr/cm2/album/images/112/19/397/11219397_20230406183412_500.jpg/melon/resize/282/quality/80/optimize,
발라드,25,송상용,우리 다시,우리 다시,https://cdnimg.melon.co.kr/cm2/album/images/112/19/354/11219354_20230406172721_500.jpg/melon/resize/282/quality/80/optimize,
발라드,26,박준효,나의 모든 것 중 가장 소중한 너,나의 모든 것 중 가장 소중한 너,https://cdnimg.melon.co.kr/cm2/album/images/112/19/349/11219349_20230406172302_500.jpg/melon/resize/282/quality/80/optimize,
발라드,27,김원준,프리지아,프리지아,https://cdnimg.melon.co.kr/cm2/album/images/112/19/303/11219303_20230406164007_500.jpg/melon/resize/282/quality/80/optimize,
발라드,28,박호경,다른 사랑할 수 없게 돼,다른 사랑할 수 없게 돼,https://cdnimg.melon.co.kr/cm2/album/images/112/19/231/11219231_20230406160721_500.jpg/melon/resize/282/quality/80/optimize,
발라드,29,서유진,살포시,살포시,https://cdnimg.melon.co.kr/cm2/album/images/112/19/187/11219187_20230406155638_500.jpg/melon/resize/282/quality/80/optimize,
발라드,30,강하,바스락,바스락,https://cdnimg.melon.co.kr/cm2/album/images/112/19/172/11219172_20230406155314_500.jpg/melon/resize/282/quality/80/optimize,
발라드,31,김명,고마워,고마워,https://cdnimg.melon.co.kr/cm2/album/images/112/19/167/11219167_20230406155055_500.jpg/melon/resize/282/quality/80/optimize,
발라드,32,정남도,Alone,Alone,https://cdnimg.melon.co.kr/cm2/album/images/112/19/158/11219158_20230406154147_500.jpg/melon/resize/282/quality/80/optimize,
발라드,33,조건희,너를 위한 노래 (A Song for you),너를 위한 노래 (A Song for you),https://cdnimg.melon.co.kr/cm2/album/images/112/19/154/11219154_20230406154028_500.jpg/melon/resize/282/quality/80/optimize,
발라드,34,리연 (LI YEON),I wish,I wish,https://cdnimg.melon.co.kr/cm2/album/images/112/19/153/11219153_20230406154006_500.jpg/melon/resize/282/quality/80/optimize,
발라드,35,김개미,사라질까,사라질까,https://cdnimg.melon.co.kr/cm2/album/images/112/19/142/11219142_20230406152802_500.jpg/melon/resize/282/quality/80/optimize,
발라드,36,김미소,너란 별,너란 별,https://cdnimg.melon.co.kr/cm2/album/images/112/19/095/11219095_20230406150631_500.jpg/melon/resize/282/quality/80/optimize,
발라드,37,권성찬,너란 세 글자,서랍 속 쪽지,https://cdnimg.melon.co.kr/cm2/album/images/112/17/348/11217348_20230404144758_500.jpg/melon/resize/282/quality/80/optimize,
발라드,38,#안녕,가질 수 없는 너,가질 수 없는 너,https://cdnimg.melon.co.kr/cm2/album/images/112/18/682/11218682_20230405175243_500.jpg/melon/resize/282/quality/80/optimize,
발라드,39,유성은,별빛,딜리버리맨 OST Part 6,https://cdnimg.melon.co.kr/cm2/album/images/112/18/619/11218619_20230405172315_500.jpg/melon/resize/282/quality/80/optimize,
발라드,40,범승혁,벚꽃이 날리는 여의도에서,벚꽃이 날리는 여의도에서,https://cdnimg.melon.co.kr/cm2/album/images/112/18/383/11218383_20230405154627_500.jpg/melon/resize/282/quality/80/optimize,
발라드,41,유오,사랑이 있어서 달릴 수 있었다,Restart,https://cdnimg.melon.co.kr/cm2/album/images/112/18/247/11218247_20230405145825_500.jpg/melon/resize/282/quality/80/optimize,
발라드,42,이채아,나의 사랑 너에게 (Feat. 후아유),기다리던 계절,https://cdnimg.melon.co.kr/cm2/album/images/112/17/838/11217838_20230405104846_500.jpg/melon/resize/282/quality/80/optimize,
발라드,43,박주효,사랑해요,너의 목소리가 보여 10 Part 2,https://cdnimg.melon.co.kr/cm2/album/images/112/17/857/11217857_20230405110332_500.jpg/melon/resize/282/quality/80/optimize,
발라드,44,조문근,너의 손길이 그리워,카페 앵커리지 OST Part.4,https://cdnimg.melon.co.kr/cm2/album/images/112/18/253/11218253_20230405145921_500.jpg/melon/resize/282/quality/80/optimize,
발라드,45,한경일,봄날의 기억,봄날의 기억,https://cdnimg.melon.co.kr/cm2/album/images/112/18/159/11218159_20230405141142_500.jpg/melon/resize/282/quality/80/optimize,
발라드,46,다무 (Damu),그리움만,요조신사 마초숙녀 OST Part.23,https://cdnimg.melon.co.kr/cm2/album/images/112/18/177/11218177_20230405142302_500.jpg/melon/resize/282/quality/80/optimize,
발라드,47,김하루,달의 노래,달의 노래,https://cdnimg.melon.co.kr/cm2/album/images/112/18/155/11218155_20230405140923_500.jpg/melon/resize/282/quality/80/optimize,
발라드,48,Gantulga Tulgaa,Zastav,Zastav,https://cdnimg.melon.co.kr/cm2/album/images/112/19/155/11219155_20230406154041_500.jpg/melon/resize/282/quality/80/optimize,
발라드,49,유탁,그대의 위로가 되길,그대의 위로가 되길,https://cdnimg.melon.co.kr/cm2/album/images/112/18/768/11218768_20230406104307_500.jpg/melon/resize/282/quality/80/optimize,
발라드,50,한태정,봄바람,봄바람,https://cdnimg.melon.co.kr/cm2/album/images/112/18/626/11218626_20230405172421_500.jpg/melon/resize/282/quality/80/optimize,
댄스,1,베이비시스터,5 Leaf Clover,5 Leaf Clover,https://cdnimg.melon.co.kr/cm2/album/images/112/19/643/11219643_20230407110021_500.jpg/melon/resize/282/quality/80/optimize,
댄스,2,Ziodina (지오디나),Yellowjackets,Yellowjackets,https://cdnimg.melon.co.kr/cm2/album/images/112/19/640/11219640_20230407105920_500.jpg/melon/resize/282/quality/80/optimize,
댄스,3,LAS (라스),봄노래 (feat. 미연 ((여자)아이들)),봄노래 (feat. 미연 ((여자)아이들)),https://cdnimg.melon.co.kr/cm2/album/images/112/19/862/11219862_20230407144632_500.jpg/melon/resize/282/quality/80/optimize,
댄스,4,윤산,8:50pm,8:50pm,https://cdnimg.melon.co.kr/cm2/album/images/112/19/211/11219211_20230406160259_500.jpg/melon/resize/282/quality/80/optimize,
댄스,5,크로스오버 (Krssover),Lost In Time,Lost In Time,https://cdnimg.melon.co.kr/cm2/album/images/112/19/644/11219644_20230407110132_500.jpg/melon/resize/282/quality/80/optimize,
댄스,6,올빼미(Owlpemy),Gonzaga,Gonzaga,https://cdnimg.melon.co.kr/cm2/album/images/112/19/642/11219642_20230407110005_500.jpg/melon/resize/282/quality/80/optimize,
댄스,7,Bato999,Succession,Succession,https://cdnimg.melon.co.kr/cm2/album/images/112/19/641/11219641_20230407110004_500.jpg/melon/resize/282/quality/80/optimize,
댄스,8,CASTLER,지구 멸망의 날,지구 멸망의 날,https://cdnimg.melon.co.kr/cm2/album/images/112/19/415/11219415_20230407094415_500.jpg/melon/resize/282/quality/80/optimize,
댄스,9,Musist,삶 (Feat. 김윤재),삶,https://cdnimg.melon.co.kr/cm2/album/images/112/19/634/11219634_20230407105406_500.jpg/melon/resize/282/quality/80/optimize,
댄스,10,양재동 사람들,실루엣 [Vocal by 담이],실루엣,https://cdnimg.melon.co.kr/cm2/album/images/112/19/255/11219255_20230406162044_500.jpg/melon/resize/282/quality/80/optimize,
댄스,11,AMOS (아모스),Sakuragi Hanamichi,Sakuragi Hanamichi,https://cdnimg.melon.co.kr/cm2/album/images/112/19/065/11219065_20230406141540_500.jpg/melon/resize/282/quality/80/optimize,
댄스,12,Aseppana (아셉파나),Reminder,Reminder,https://cdnimg.melon.co.kr/cm2/album/images/112/19/064/11219064_20230406140051_500.jpg/melon/resize/282/quality/80/optimize,
댄스,13,라보 (RABO),Happy,Happy,https://cdnimg.melon.co.kr/cm2/album/images/112/19/063/11219063_20230406135947_500.jpg/melon/resize/282/quality/80/optimize,
댄스,14,RETRO MAMA,Fantastic Kingdom,Fantastic Kingdom,https://cdnimg.melon.co.kr/cm2/album/images/112/17/354/11217354_20230404145134_500.jpg/melon/resize/282/quality/80/optimize,
댄스,15,꾹꾹이,Switch,BOYS PLANET - ARTIST BATTLE,https://cdnimg.melon.co.kr/cm2/album/images/112/17/923/11217923_20230405112917_500.jpg/melon/resize/282/quality/80/optimize,
댄스,16,마카마카 (Maka' Maka),너를 위해 (Go! Go!),Go! Go!,https://cdnimg.melon.co.kr/cm2/album/images/112/18/131/11218131_20230405135512_500.jpg/melon/resize/282/quality/80/optimize,
댄스,17,아기천사,"P.S I LOVE YOU (Vocal by 이재성 , RAP by SAMMSOSA)",P.S I LOVE YOU,https://cdnimg.melon.co.kr/cm2/album/images/112/17/920/11217920_20230405112735_500.jpg/melon/resize/282/quality/80/optimize,
댄스,18,Apink (에이핑크),D N D,SELF,https://cdnimg.melon.co.kr/cm2/album/images/112/17/418/11217418_20230406105215_500.jpg/melon/resize/282/quality/80/optimize,
댄스,19,헤이즈 (Heize),빙글빙글 (Prod. R.Tee),빙글빙글,https://cdnimg.melon.co.kr/cm2/album/images/112/16/103/11216103_20230403134236_500.jpg/melon/resize/282/quality/80/optimize,
댄스,20,김우석,Dawn,Blank Page,https://cdnimg.melon.co.kr/cm2/album/images/112/15/441/11215441_20230331164857_500.jpg/melon/resize/282/quality/80/optimize,
댄스,21,NewJeans,Zero,Zero,https://cdnimg.melon.co.kr/cm2/album/images/112/15/953/11215953_20230403104617_500.jpg/melon/resize/282/quality/80/optimize,
댄스,22,지윤,너와 나,너와 나,https://cdnimg.melon.co.kr/cm2/album/images/112/15/480/11215480_20230331174557_500.jpg/melon/resize/282/quality/80/optimize,
댄스,23,달고나형제,추억의 롤라장,추억의 롤라장,https://cdnimg.melon.co.kr/cm2/album/images/112/14/812/11214812_20230331113054_500.jpg/melon/resize/282/quality/80/optimize,
댄스,24,예린 (YERIN),I Feel You,<웹툰싱어> I Feel You (이두나! x 예린),https://cdnimg.melon.co.kr/cm2/album/images/112/15/370/11215370_20230331162735_500.jpg/melon/resize/282/quality/80/optimize,
댄스,25,FANTASY BOYS,FANTASY,FANTASY,https://cdnimg.melon.co.kr/cm2/album/images/112/14/448/11214448_20230330171403_500.jpg/melon/resize/282/quality/80/optimize,
댄스,26,지수 (JISOO),꽃,ME,https://cdnimg.melon.co.kr/cm2/album/images/112/14/411/11214411_20230330163342_500.jpg/melon/resize/282/quality/80/optimize,
댄스,27,단,Traffic Accident,비의도적 연애담 OST Part.3,https://cdnimg.melon.co.kr/cm2/album/images/112/14/094/11214094_20230330120343_500.jpg/melon/resize/282/quality/80/optimize,
댄스,28,딜라잇 (Delight),Neverland,Neverland,https://cdnimg.melon.co.kr/cm2/album/images/112/14/455/11214455_20230330172215_500.jpg/melon/resize/282/quality/80/optimize,
댄스,29,스트라비,"다시, 그 봄","다시, 그 봄",https://cdnimg.melon.co.kr/cm2/album/images/112/13/993/11213993_20230330114329_500.jpg/melon/resize/282/quality/80/optimize,
댄스,30,라이오네시스G,My Pretty (예쁘네 오늘),My Pretty (예쁘네 오늘),https://cdnimg.melon.co.kr/cm2/album/images/112/11/717/11211717_20230327170451_500.jpg/melon/resize/282/quality/80/optimize,
댄스,31,xikers(싸이커스),도깨비집 (TRICKY HOUSE),HOUSE OF TRICKY : Doorbell Ringing,https://cdnimg.melon.co.kr/cm2/album/images/112/13/315/11213315_20230329154556_500.jpg/melon/resize/282/quality/80/optimize,
댄스,32,Padi (페디),"LEMON (Feat. SOLE, MINO)",LEMON,https://cdnimg.melon.co.kr/cm2/album/images/112/12/209/11212209_20230328144600_500.jpg/melon/resize/282/quality/80/optimize,
댄스,33,양준일,Beautiful ClubMix,Beautiful ClubMix,https://cdnimg.melon.co.kr/cm2/album/images/112/13/654/11213654_20230329190312_500.jpg/melon/resize/282/quality/80/optimize,
댄스,34,신비아파트,"Got You (Sung By Kep1er (케플러) 김채현, 김다연, 서영은)",신비아파트 시즌5 OST - 고스트볼 제로,https://cdnimg.melon.co.kr/cm2/album/images/112/12/191/11212191_20230328142434_500.jpg/melon/resize/282/quality/80/optimize,
댄스,35,시호 (SIHO),Clover,Clover,https://cdnimg.melon.co.kr/cm2/album/images/112/13/353/11213353_20230329160446_500.jpg/melon/resize/282/quality/80/optimize,
댄스,36,초코파이브,스트레스 팍팍,스트레스 팍팍 / 시러시러,https://cdnimg.melon.co.kr/cm2/album/images/112/13/312/11213312_20230329154256_500.jpg/melon/resize/282/quality/80/optimize,
댄스,37,pluton,Too late (Feat. ROSESIA),Too late,https://cdnimg.melon.co.kr/cm2/album/images/112/12/510/11212510_20230329095501_500.jpg/melon/resize/282/quality/80/optimize,
댄스,38,마마무+,GGBB,"ACT 1, SCENE 1",https://cdnimg.melon.co.kr/cm2/album/images/112/07/271/11207271_20230330155400_500.jpg/melon/resize/282/quality/80/optimize,
댄스,39,첫사랑(CSR),빛을 따라서 (Shining Bright),DELIGHT,https://cdnimg.melon.co.kr/cm2/album/images/112/12/288/11212288_20230328152948_500.jpg/melon/resize/282/quality/80/optimize,
댄스,40,BADS,Running Out of Love (feat. AleXa),Running Out of Love (feat. AleXa),https://cdnimg.melon.co.kr/cm2/album/images/112/12/269/11212269_20230328151044_500.jpg/melon/resize/282/quality/80/optimize,
댄스,41,레트로시티,좋아한다 말해도 될까(레비트 솔로),좋아한다 말해도 될까(레비트 솔로),https://cdnimg.melon.co.kr/cm2/album/images/112/12/173/11212173_20230328140323_500.jpg/melon/resize/282/quality/80/optimize,
댄스,42,HAYOON,사랑 안 해,사랑 안 해,https://cdnimg.melon.co.kr/cm2/album/images/112/12/542/11212542_20230329100944_500.jpg/melon/resize/282/quality/80/optimize,
댄스,43,1253 (일이오삼),고! 대전,다수의 멜로디3,https://cdnimg.melon.co.kr/cm2/album/images/112/12/310/11212310_20230328161928_500.jpg/melon/resize/282/quality/80/optimize,
댄스,44,아리,EYES ON ME,EYES ON ME,https://cdnimg.melon.co.kr/cm2/album/images/112/12/272/11212272_20230328151406_500.jpg/melon/resize/282/quality/80/optimize,
댄스,45,ToRo,아이 좋아 어떡해 (feat. 가니아),아이 좋아 어떡해,https://cdnimg.melon.co.kr/cm2/album/images/112/12/239/11212239_20230328145905_500.jpg/melon/resize/282/quality/80/optimize,
댄스,46,뱀뱀 (BamBam),Sour & Sweet,Sour & Sweet,https://cdnimg.melon.co.kr/cm2/album/images/112/11/601/11211601_20230327154440_500.jpg/melon/resize/282/quality/80/optimize,
댄스,47,Billlie (빌리),EUNOIA,the Billage of perception: chapter three,https://cdnimg.melon.co.kr/cm2/album/images/112/07/178/11207178_20230320161927_500.jpg/melon/resize/282/quality/80/optimize,
댄스,48,카드 (KARD),Oh NaNa (ASTER Remix),KARD Remix Project,https://cdnimg.melon.co.kr/cm2/album/images/112/11/629/11211629_20230327155715_500.jpg/melon/resize/282/quality/80/optimize,
댄스,49,쿠잉 (COOING),은하수,은하수,https://cdnimg.melon.co.kr/cm2/album/images/112/11/503/11211503_20230327141025_500.jpg/melon/resize/282/quality/80/optimize,
댄스,50,소냐,미야옹 (예술고양이),소냐의 뮤지컬 Page,https://cdnimg.melon.co.kr/cm2/album/images/112/11/321/11211321_20230327115647_500.jpg/melon/resize/282/quality/80/optimize,
랩／힙합,1,KOREANGROOVE,로아크 (Feat. oceanfromtheblue),BLUE GROOVE,https://cdnimg.melon.co.kr/cm2/album/images/112/19/376/11219376_20230406174447_500.jpg/melon/resize/282/quality/80/optimize,
랩／힙합,2,Toru,투스카니 (Feat. 가오가이),HiToru2,https://cdnimg.melon.co.kr/cm2/album/images/112/19/774/11219774_20230407140523_500.jpg/melon/resize/282/quality/80/optimize,
랩／힙합,3,Sof'boy Han,이사,이사,https://cdnimg.melon.co.kr/cm2/album/images/112/19/689/11219689_20230407115258_500.jpg/melon/resize/282/quality/80/optimize,
랩／힙합,4,Thunder dragon,Angel,Angel,https://cdnimg.melon.co.kr/cm2/album/images/112/20/080/11220080_20230407165158_500.jpg/melon/resize/282/quality/80/optimize,
랩／힙합,5,SONOBLANC,Tell me why,Tell me why,https://cdnimg.melon.co.kr/cm2/album/images/112/20/079/11220079_20230407165149_500.jpg/melon/resize/282/quality/80/optimize,
랩／힙합,6,Wyoalyx!,Money Way,Life goes on,https://cdnimg.melon.co.kr/cm2/album/images/112/19/943/11219943_20230407153638_500.jpg/melon/resize/282/quality/80/optimize,
랩／힙합,7,사인 (Sain),Save me + Quarter,Save me + Quarter,https://cdnimg.melon.co.kr/cm2/album/images/112/19/941/11219941_20230407153532_500.jpg/melon/resize/282/quality/80/optimize,
랩／힙합,8,까치,하늘에서 (Feat. 롤스노직),하늘에서,https://cdnimg.melon.co.kr/cm2/album/images/112/19/940/11219940_20230407153522_500.jpg/melon/resize/282/quality/80/optimize,
랩／힙합,9,불독 (BULLDOGG),Why?,Why?,https://cdnimg.melon.co.kr/cm2/album/images/112/19/938/11219938_20230407153443_500.jpg/melon/resize/282/quality/80/optimize,
랩／힙합,10,엔류,Flex & Groove,Flex & Groove,https://cdnimg.melon.co.kr/cm2/album/images/112/19/936/11219936_20230407153430_500.jpg/melon/resize/282/quality/80/optimize,
랩／힙합,11,BigBaby,In The Building (feat. Slim 9lock & Jimmy Paige),In The Building,https://cdnimg.melon.co.kr/cm2/album/images/112/19/821/11219821_20230407143053_500.jpg/melon/resize/282/quality/80/optimize,
랩／힙합,12,스트릿 키드 (STREET KID),이걸좋아해야돼말아야돼,이좋말,https://cdnimg.melon.co.kr/cm2/album/images/112/19/658/11219658_20230407111131_500.jpg/melon/resize/282/quality/80/optimize,
랩／힙합,13,dollarcoop(달라쿱),Single Leg,Single Leg,https://cdnimg.melon.co.kr/cm2/album/images/112/19/657/11219657_20230407111119_500.jpg/melon/resize/282/quality/80/optimize,
랩／힙합,14,YSK Lynn,Dark Light,Dark Light,https://cdnimg.melon.co.kr/cm2/album/images/112/19/636/11219636_20230407105641_500.jpg/melon/resize/282/quality/80/optimize,
랩／힙합,15,OXYNOVA,사랑노래,사랑노래,https://cdnimg.melon.co.kr/cm2/album/images/112/19/876/11219876_20230407145111_500.jpg/melon/resize/282/quality/80/optimize,
랩／힙합,16,LO VOLF,"D SIGN (Prod by HAIF, Pi’erre bourne)",Money Baby 1.5,https://cdnimg.melon.co.kr/cm2/album/images/112/18/697/11218697_20230405182948_500.jpg/melon/resize/282/quality/80/optimize,
랩／힙합,17,Sean.K,Date,Date,https://cdnimg.melon.co.kr/cm2/album/images/112/19/624/11219624_20230407103854_500.jpg/melon/resize/282/quality/80/optimize,
랩／힙합,18,이지보이 (Eizzyboy),Fall in love (Feat. Wendz),Fall in love,https://cdnimg.melon.co.kr/cm2/album/images/112/19/945/11219945_20230407153731_500.jpg/melon/resize/282/quality/80/optimize,
랩／힙합,19,Luci Gang,꼬리잡기,꼬리잡기,https://cdnimg.melon.co.kr/cm2/album/images/112/17/922/11217922_20230405112907_500.jpg/melon/resize/282/quality/80/optimize,
랩／힙합,20,BANGJA,Roll The Dice (Feat. Skinny Brown),Roll The Dice (Feat. Skinny Brown),https://cdnimg.melon.co.kr/cm2/album/images/112/17/824/11217824_20230405104659_500.jpg/melon/resize/282/quality/80/optimize,
랩／힙합,21,V1VA (비바),La Vida Loca,La Vida Loca,https://cdnimg.melon.co.kr/cm2/album/images/112/19/676/11219676_20230407112119_500.jpg/melon/resize/282/quality/80/optimize,
랩／힙합,22,솜사탕,Allergy,SEE FAR,https://cdnimg.melon.co.kr/cm2/album/images/112/20/119/11220119_20230407170926_500.jpg/melon/resize/282/quality/80/optimize,
랩／힙합,23,Sun Gin,Arkestra,Arkestra,https://cdnimg.melon.co.kr/cm2/album/images/112/19/964/11219964_20230407155203_500.jpg/melon/resize/282/quality/80/optimize,
랩／힙합,24,BIGBANK,해보자고,해보자고,https://cdnimg.melon.co.kr/cm2/album/images/112/19/934/11219934_20230407153204_500.jpg/melon/resize/282/quality/80/optimize,
랩／힙합,25,PABel (파벨),On Light,On Light,https://cdnimg.melon.co.kr/cm2/album/images/112/19/932/11219932_20230407153039_500.jpg/melon/resize/282/quality/80/optimize,
랩／힙합,26,표준,Up in the AIR,Up in the AIR,https://cdnimg.melon.co.kr/cm2/album/images/112/19/931/11219931_20230407153026_500.jpg/melon/resize/282/quality/80/optimize,
랩／힙합,27,이권상,생,생,https://cdnimg.melon.co.kr/cm2/album/images/112/19/929/11219929_20230407153022_500.jpg/melon/resize/282/quality/80/optimize,
랩／힙합,28,희미하다,Epic,Epic,https://cdnimg.melon.co.kr/cm2/album/images/112/19/928/11219928_20230407152911_500.jpg/melon/resize/282/quality/80/optimize,
랩／힙합,29,다음 (DAEUM),HEYY!! HO!! (Feat. Kxhit),Fast Food Package Vol.1,https://cdnimg.melon.co.kr/cm2/album/images/112/19/926/11219926_20230407152837_500.jpg/melon/resize/282/quality/80/optimize,
랩／힙합,30,IAN WORD,COLD,COLD,https://cdnimg.melon.co.kr/cm2/album/images/112/19/924/11219924_20230407152637_500.jpg/melon/resize/282/quality/80/optimize,
랩／힙합,31,Suwoo,이상형,이상형,https://cdnimg.melon.co.kr/cm2/album/images/112/19/916/11219916_20230407152457_500.jpg/melon/resize/282/quality/80/optimize,
랩／힙합,32,wellbeing kooki,소중한 일상 (never give up),소중한 일상 (never give up),https://cdnimg.melon.co.kr/cm2/album/images/112/19/915/11219915_20230407152456_500.jpg/melon/resize/282/quality/80/optimize,
랩／힙합,33,YChan,"House Wine (Feat. 권재학 (JFLAMINGO), SOI, YONDER)",House Wine,https://cdnimg.melon.co.kr/cm2/album/images/112/19/911/11219911_20230407152400_500.jpg/melon/resize/282/quality/80/optimize,
랩／힙합,34,Kozy Workx (코지웍스),의심은 질병이야,의심은 질병이야,https://cdnimg.melon.co.kr/cm2/album/images/112/19/685/11219685_20230407114631_500.jpg/melon/resize/282/quality/80/optimize,
랩／힙합,35,쓰는 정원,올라갈 거야,올라갈 거야,https://cdnimg.melon.co.kr/cm2/album/images/112/19/659/11219659_20230407111326_500.jpg/melon/resize/282/quality/80/optimize,
랩／힙합,36,hills,소나기,PROTOTYPE,https://cdnimg.melon.co.kr/cm2/album/images/112/19/629/11219629_20230407104340_500.jpg/melon/resize/282/quality/80/optimize,
랩／힙합,37,HEENA,JIMMY CHUU,JIMMY CHUU,https://cdnimg.melon.co.kr/cm2/album/images/112/19/379/11219379_20230406174905_500.jpg/melon/resize/282/quality/80/optimize,
랩／힙합,38,마크 (MARK),Golden Hour,Golden Hour - SM STATION : NCT LAB,https://cdnimg.melon.co.kr/cm2/album/images/112/19/353/11219353_20230406172703_500.jpg/melon/resize/282/quality/80/optimize,
랩／힙합,39,원슈타인,K-Mars,방과 후 전쟁활동 OST Part.2,https://cdnimg.melon.co.kr/cm2/album/images/112/19/362/11219362_20230406173515_500.jpg/melon/resize/282/quality/80/optimize,
랩／힙합,40,IOHBOY (아이오보이),강아지 (Feat. 김미정),More than Love,https://cdnimg.melon.co.kr/cm2/album/images/112/18/770/11218770_20230406104516_500.jpg/melon/resize/282/quality/80/optimize,
랩／힙합,41,P!nUp (핀업),오래된 앨범,오래된 앨범,https://cdnimg.melon.co.kr/cm2/album/images/112/19/286/11219286_20230406163155_500.jpg/melon/resize/282/quality/80/optimize,
랩／힙합,42,Sanai,ASSETTO,ASSETTO,https://cdnimg.melon.co.kr/cm2/album/images/112/19/630/11219630_20230407104435_500.jpg/melon/resize/282/quality/80/optimize,
랩／힙합,43,Caj,"19금
퐆",잠깐,https://cdnimg.melon.co.kr/cm2/album/images/112/19/339/11219339_20230406171543_500.jpg/melon/resize/282/quality/80/optimize,
랩／힙합,44,픽시즘 (PIXISM),I Got A Shirt,I Got A Shirt,https://cdnimg.melon.co.kr/cm2/album/images/112/19/300/11219300_20230406163754_500.jpg/melon/resize/282/quality/80/optimize,
랩／힙합,45,yungthebird,길,길,https://cdnimg.melon.co.kr/cm2/album/images/112/19/287/11219287_20230406163228_500.jpg/melon/resize/282/quality/80/optimize,
랩／힙합,46,디움,순간들,순간들,https://cdnimg.melon.co.kr/cm2/album/images/112/19/256/11219256_20230406162056_500.jpg/melon/resize/282/quality/80/optimize,
랩／힙합,47,MUSHBERRY,Margarita,Margarita,https://cdnimg.melon.co.kr/cm2/album/images/112/19/228/11219228_20230406160637_500.jpg/melon/resize/282/quality/80/optimize,
랩／힙합,48,MUSHBERRY,Aeternum,Aeternum,https://cdnimg.melon.co.kr/cm2/album/images/112/19/226/11219226_20230406160635_500.jpg/melon/resize/282/quality/80/optimize,
랩／힙합,49,MUSHBERRY,Bellum,Bellum,https://cdnimg.melon.co.kr/cm2/album/images/112/19/222/11219222_20230406160524_500.jpg/melon/resize/282/quality/80/optimize,
랩／힙합,50,MUSHBERRY,Mercator,Mercator,https://cdnimg.melon.co.kr/cm2/album/images/112/19/221/11219221_20230406160503_500.jpg/melon/resize/282/quality/80/optimize,
R&B／Soul,1,송이한,내 세상을 주고 싶어,내 세상을 주고 싶어,https://cdnimg.melon.co.kr/cm2/album/images/112/19/965/11219965_20230407155303_500.jpg/melon/resize/282/quality/80/optimize,
R&B／Soul,2,두솜 (dusom),무궁화 꽃이 피었습니다,무궁화 꽃이 피었습니다,https://cdnimg.melon.co.kr/cm2/album/images/112/19/648/11219648_20230407110539_500.jpg/melon/resize/282/quality/80/optimize,
R&B／Soul,3,공원과 산책,Midsummer,Midsummer,https://cdnimg.melon.co.kr/cm2/album/images/112/19/944/11219944_20230407153647_500.jpg/melon/resize/282/quality/80/optimize,
R&B／Soul,4,bochuL,중독(Addicted),중독(Addicted),https://cdnimg.melon.co.kr/cm2/album/images/112/19/942/11219942_20230407153616_500.jpg/melon/resize/282/quality/80/optimize,
R&B／Soul,5,동욱,방청소 (Feat. 정승환),방청소,https://cdnimg.melon.co.kr/cm2/album/images/112/19/645/11219645_20230407110204_500.jpg/melon/resize/282/quality/80/optimize,
R&B／Soul,6,SeeNu,I Do (Feat. gabi),I Do (Feat. gabi),https://cdnimg.melon.co.kr/cm2/album/images/112/19/639/11219639_20230407105910_500.jpg/melon/resize/282/quality/80/optimize,
R&B／Soul,7,세린(selin),closet,closet,https://cdnimg.melon.co.kr/cm2/album/images/112/19/564/11219564_20230407102935_500.jpg/melon/resize/282/quality/80/optimize,
R&B／Soul,8,DOKO (도코),"사랑해, 완벽하게 슬픈 날에도","사랑해, 완벽하게 슬픈 날에도",https://cdnimg.melon.co.kr/cm2/album/images/112/19/375/11219375_20230406174213_500.jpg/melon/resize/282/quality/80/optimize,
R&B／Soul,9,DIVE (다이브),커플링 (Feat. REX.D),커플링,https://cdnimg.melon.co.kr/cm2/album/images/112/19/416/11219416_20230407094659_500.jpg/melon/resize/282/quality/80/optimize,
R&B／Soul,10,dkash (디캐시),Alcoholics (Feat. Yris Paris),Alcoholics,https://cdnimg.melon.co.kr/cm2/album/images/112/19/633/11219633_20230407105247_500.jpg/melon/resize/282/quality/80/optimize,
R&B／Soul,11,권경혜,Same,Same,https://cdnimg.melon.co.kr/cm2/album/images/112/19/935/11219935_20230407153313_500.jpg/melon/resize/282/quality/80/optimize,
R&B／Soul,12,ONDD,1 a.m i am..,1 a.m. i am..,https://cdnimg.melon.co.kr/cm2/album/images/112/19/933/11219933_20230407153124_500.jpg/melon/resize/282/quality/80/optimize,
R&B／Soul,13,boythemuz,한 가지만 더,한 가지만 더,https://cdnimg.melon.co.kr/cm2/album/images/112/19/920/11219920_20230407152556_500.jpg/melon/resize/282/quality/80/optimize,
R&B／Soul,14,채영 (Chaeyoung),BLUE (Feat. 추서준),BLUE,https://cdnimg.melon.co.kr/cm2/album/images/112/19/918/11219918_20230407152524_500.jpg/melon/resize/282/quality/80/optimize,
R&B／Soul,15,현유환,Hi,Hi,https://cdnimg.melon.co.kr/cm2/album/images/112/19/912/11219912_20230407152414_500.jpg/melon/resize/282/quality/80/optimize,
R&B／Soul,16,비비 (BIBI),안녕하세오 삼푸애요 (I AM...),안녕하세오 삼푸애요 (I AM...),https://cdnimg.melon.co.kr/cm2/album/images/112/19/173/11219173_20230406155321_500.jpg/melon/resize/282/quality/80/optimize,
R&B／Soul,17,Agust D,사람 Pt.2 (feat. 아이유),사람 Pt.2 (feat. 아이유),https://cdnimg.melon.co.kr/cm2/album/images/112/19/412/11219412_20230407161051_500.jpg/melon/resize/282/quality/80/optimize,
R&B／Soul,18,슈가볼 (Sugarbowl),연애담 : Love Story,연애담 : Love Story,https://cdnimg.melon.co.kr/cm2/album/images/112/17/902/11217902_20230405112451_500.jpg/melon/resize/282/quality/80/optimize,
R&B／Soul,19,강지원 (Kangziwon),only u (feat. Sam Kim),only u,https://cdnimg.melon.co.kr/cm2/album/images/112/19/067/11219067_20230406142100_500.jpg/melon/resize/282/quality/80/optimize,
R&B／Soul,20,안재우,1 Step (Feat. 김미정),1 Step (Feat. 김미정),https://cdnimg.melon.co.kr/cm2/album/images/112/19/335/11219335_20230406171237_500.jpg/melon/resize/282/quality/80/optimize,
R&B／Soul,21,류가람,향기,향기,https://cdnimg.melon.co.kr/cm2/album/images/112/17/937/11217937_20230405114555_500.jpg/melon/resize/282/quality/80/optimize,
R&B／Soul,22,주노,YOU,YOU,https://cdnimg.melon.co.kr/cm2/album/images/112/19/302/11219302_20230406163902_500.jpg/melon/resize/282/quality/80/optimize,
R&B／Soul,23,Lumel (루멜),My Bad,My Bad,https://cdnimg.melon.co.kr/cm2/album/images/112/19/270/11219270_20230406162506_500.jpg/melon/resize/282/quality/80/optimize,
R&B／Soul,24,정디 (JungDii),Paradise,Paradise,https://cdnimg.melon.co.kr/cm2/album/images/112/19/213/11219213_20230406160312_500.jpg/melon/resize/282/quality/80/optimize,
R&B／Soul,25,김보석,뒹굴뒹굴 (With. 김나현),뒹굴뒹굴,https://cdnimg.melon.co.kr/cm2/album/images/112/19/181/11219181_20230406155531_500.jpg/melon/resize/282/quality/80/optimize,
R&B／Soul,26,김수연,Stuffy,Stuffy,https://cdnimg.melon.co.kr/cm2/album/images/112/19/166/11219166_20230406154811_500.jpg/melon/resize/282/quality/80/optimize,
R&B／Soul,27,여헌,Change My Mind,Change My Mind,https://cdnimg.melon.co.kr/cm2/album/images/112/19/147/11219147_20230406153316_500.jpg/melon/resize/282/quality/80/optimize,
R&B／Soul,28,XG,SHOOTING STAR (BARS REMIXX FEAT. RICO NASTY),SHOOTING STAR REMIXX (PROD BY JAKOPS),https://cdnimg.melon.co.kr/cm2/album/images/112/19/097/11219097_20230406150658_500.jpg/melon/resize/282/quality/80/optimize,
R&B／Soul,29,Elevator pitch,Fades away,Allium/Heath,https://cdnimg.melon.co.kr/cm2/album/images/112/19/074/11219074_20230406145916_500.jpg/melon/resize/282/quality/80/optimize,
R&B／Soul,30,I'MIN,No Love (Drown),No Love (Drown),https://cdnimg.melon.co.kr/cm2/album/images/112/10/743/11210743_20230324225506_500.jpg/melon/resize/282/quality/80/optimize,
R&B／Soul,31,죠지,오래오래,FRR,https://cdnimg.melon.co.kr/cm2/album/images/112/18/699/11218699_20230405184131_500.jpg/melon/resize/282/quality/80/optimize,
R&B／Soul,32,이지카이트 (Izykite),Diver,I ZIP,https://cdnimg.melon.co.kr/cm2/album/images/112/19/069/11219069_20230406144018_500.jpg/melon/resize/282/quality/80/optimize,
R&B／Soul,33,홍이삭,(n)everland,(n)everland,https://cdnimg.melon.co.kr/cm2/album/images/112/19/230/11219230_20230406160722_500.jpg/melon/resize/282/quality/80/optimize,
R&B／Soul,34,Dopein,공범,Blue Sunrise,https://cdnimg.melon.co.kr/cm2/album/images/112/18/481/11218481_20230405160548_500.jpg/melon/resize/282/quality/80/optimize,
R&B／Soul,35,Pa!nter,Please love me more,Please love me more,https://cdnimg.melon.co.kr/cm2/album/images/112/16/686/11216686_20230406141150_500.jpg/melon/resize/282/quality/80/optimize,
R&B／Soul,36,Dumo,"언제쯤, 어디부터 (with FR:EDEN)","언제쯤, 어디부터",https://cdnimg.melon.co.kr/cm2/album/images/112/18/029/11218029_20230405120638_500.jpg/melon/resize/282/quality/80/optimize,
R&B／Soul,37,이도리,Only Me,Only Me,https://cdnimg.melon.co.kr/cm2/album/images/112/17/928/11217928_20230405113414_500.jpg/melon/resize/282/quality/80/optimize,
R&B／Soul,38,캠퍼 (kvmper),"그 해 우리는 (Feat. kun, HEMO)",그 해 우리는,https://cdnimg.melon.co.kr/cm2/album/images/112/17/723/11217723_20230405102300_500.jpg/melon/resize/282/quality/80/optimize,
R&B／Soul,39,SHARKI,Onion,Onion,https://cdnimg.melon.co.kr/cm2/album/images/112/18/178/11218178_20230405142718_500.jpg/melon/resize/282/quality/80/optimize,
R&B／Soul,40,수찬,INFP (Feat. leeoh),INFP,https://cdnimg.melon.co.kr/cm2/album/images/112/18/784/11218784_20230406104836_500.jpg/melon/resize/282/quality/80/optimize,
R&B／Soul,41,하이디,꽃 보러 가지 않을래,꽃 보러 가지 않을래,https://cdnimg.melon.co.kr/cm2/album/images/112/18/381/11218381_20230405154433_500.jpg/melon/resize/282/quality/80/optimize,
R&B／Soul,42,Ian (이안),봄을 채우지,봄을 채우지,https://cdnimg.melon.co.kr/cm2/album/images/112/18/143/11218143_20230405140510_500.jpg/melon/resize/282/quality/80/optimize,
R&B／Soul,43,문소낙 (Sonak Moon),자동응답 (feat. 서현수),자동응답,https://cdnimg.melon.co.kr/cm2/album/images/112/18/125/11218125_20230405145507_500.jpg/melon/resize/282/quality/80/optimize,
R&B／Soul,44,CHRIS ONE,THE LATTE,THE LATTE,https://cdnimg.melon.co.kr/cm2/album/images/112/18/032/11218032_20230405121008_500.jpg/melon/resize/282/quality/80/optimize,
R&B／Soul,45,vanhymn,HURT,HURT,https://cdnimg.melon.co.kr/cm2/album/images/112/17/936/11217936_20230405114337_500.jpg/melon/resize/282/quality/80/optimize,
R&B／Soul,46,지프크락 (ZIPE KROCK),NO BRAKE IN MY CAR,NO BRAKE IN MY CAR,https://cdnimg.melon.co.kr/cm2/album/images/112/17/919/11217919_20230405112700_500.jpg/melon/resize/282/quality/80/optimize,
R&B／Soul,47,Tabber,want YOU,want YOU,https://cdnimg.melon.co.kr/cm2/album/images/112/03/128/11203128_20230314184301_500.jpg/melon/resize/282/quality/80/optimize,
R&B／Soul,48,JEY,Venus,Venus,https://cdnimg.melon.co.kr/cm2/album/images/112/17/582/11217582_20230404214820_500.jpg/melon/resize/282/quality/80/optimize,
R&B／Soul,49,from20 (프롬트웬티),Bad Revenge,Bad Revenge,https://cdnimg.melon.co.kr/cm2/album/images/112/16/064/11216064_20230403133058_500.jpg/melon/resize/282/quality/80/optimize,
R&B／Soul,50,HYUN SEO,하루필름,하루필름,https://cdnimg.melon.co.kr/cm2/album/images/112/17/583/11217583_20230404215226_500.jpg/melon/resize/282/quality/80/optimize,
인디음악,1,이츠,낭만주의,Narcissus,https://cdnimg.melon.co.kr/cm2/album/images/112/19/357/11219357_20230406173048_500.jpg/melon/resize/282/quality/80/optimize,
인디음악,2,off the menu (오프더메뉴),The Void,The Void,https://cdnimg.melon.co.kr/cm2/album/images/112/19/733/11219733_20230407135237_500.jpg/melon/resize/282/quality/80/optimize,
인디음악,3,주로키 (JUROKEY),사랑은 먼지 같아도,그냥,https://cdnimg.melon.co.kr/cm2/album/images/112/19/667/11219667_20230407111519_500.jpg/melon/resize/282/quality/80/optimize,
인디음악,4,두솜 (dusom),무궁화 꽃이 피었습니다,무궁화 꽃이 피었습니다,https://cdnimg.melon.co.kr/cm2/album/images/112/19/648/11219648_20230407110539_500.jpg/melon/resize/282/quality/80/optimize,
인디음악,5,클린코튼,잠들고 싶은 그대들과,잠들고 싶은 그대들과,https://cdnimg.melon.co.kr/cm2/album/images/112/19/678/11219678_20230407114222_500.jpg/melon/resize/282/quality/80/optimize,
인디음악,6,Sof'boy Han,이사,이사,https://cdnimg.melon.co.kr/cm2/album/images/112/19/689/11219689_20230407115258_500.jpg/melon/resize/282/quality/80/optimize,
인디음악,7,Thunder dragon,Angel,Angel,https://cdnimg.melon.co.kr/cm2/album/images/112/20/080/11220080_20230407165158_500.jpg/melon/resize/282/quality/80/optimize,
인디음악,8,SONOBLANC,Tell me why,Tell me why,https://cdnimg.melon.co.kr/cm2/album/images/112/20/079/11220079_20230407165149_500.jpg/melon/resize/282/quality/80/optimize,
인디음악,9,줄쟁이와북쟁이,개미,개미,https://cdnimg.melon.co.kr/cm2/album/images/112/20/021/11220021_20230407163334_500.jpg/melon/resize/282/quality/80/optimize,
인디음악,10,오소린,봄날의 카페 (With 전태민),봄날의 카페,https://cdnimg.melon.co.kr/cm2/album/images/112/19/939/11219939_20230407153456_500.jpg/melon/resize/282/quality/80/optimize,
인디음악,11,슨슨생,다미 (부제: 모든 것이 잘 될거야),다미,https://cdnimg.melon.co.kr/cm2/album/images/112/19/691/11219691_20230407115428_500.jpg/melon/resize/282/quality/80/optimize,
인디음악,12,최수빈,월요일을 내어준다는 건,월요일을 내어준다는 건,https://cdnimg.melon.co.kr/cm2/album/images/112/19/655/11219655_20230407110840_500.jpg/melon/resize/282/quality/80/optimize,
인디음악,13,유태,그때가 그리운 걸까,그때가 그리운 걸까,https://cdnimg.melon.co.kr/cm2/album/images/112/19/646/11219646_20230407110441_500.jpg/melon/resize/282/quality/80/optimize,
인디음악,14,동욱,방청소 (Feat. 정승환),방청소,https://cdnimg.melon.co.kr/cm2/album/images/112/19/645/11219645_20230407110204_500.jpg/melon/resize/282/quality/80/optimize,
인디음악,15,임단우,봄이 왔나봐,봄이 왔나봐,https://cdnimg.melon.co.kr/cm2/album/images/112/19/626/11219626_20230407104221_500.jpg/melon/resize/282/quality/80/optimize,
인디음악,16,늘봄 (NL VOM),"세상이 온통 너였던 그때 내 마음 (Feat. 프리멜로, 귤(GYUL), 정영윤)",세상이 온통 너였던 그때 내 마음,https://cdnimg.melon.co.kr/cm2/album/images/112/19/625/11219625_20230407104014_500.jpg/melon/resize/282/quality/80/optimize,
인디음악,17,21학번,코인 노래방,코인 노래방,https://cdnimg.melon.co.kr/cm2/album/images/112/19/961/11219961_20230407154724_500.jpg/melon/resize/282/quality/80/optimize,
인디음악,18,소각소각,어쩌다 우린,누군가의 플레이리스트 #14,https://cdnimg.melon.co.kr/cm2/album/images/112/19/686/11219686_20230407114644_500.jpg/melon/resize/282/quality/80/optimize,
인디음악,19,OoOo (오넷),영원이라는 건 없지만,영원이라는 건 없지만,https://cdnimg.melon.co.kr/cm2/album/images/112/18/749/11218749_20230406103322_500.jpg/melon/resize/282/quality/80/optimize,
인디음악,20,김뜻돌,다섯 번째 봄,다섯 번째 봄,https://cdnimg.melon.co.kr/cm2/album/images/112/19/635/11219635_20230407105547_500.jpg/melon/resize/282/quality/80/optimize,
인디음악,21,Sean.K,Date,Date,https://cdnimg.melon.co.kr/cm2/album/images/112/19/624/11219624_20230407103854_500.jpg/melon/resize/282/quality/80/optimize,
인디음악,22,안희수,Drawing,Drawing,https://cdnimg.melon.co.kr/cm2/album/images/112/19/653/11219653_20230407110711_500.jpg/melon/resize/282/quality/80/optimize,
인디음악,23,dkash (디캐시),Alcoholics (Feat. Yris Paris),Alcoholics,https://cdnimg.melon.co.kr/cm2/album/images/112/19/633/11219633_20230407105247_500.jpg/melon/resize/282/quality/80/optimize,
인디음악,24,V1VA (비바),La Vida Loca,La Vida Loca,https://cdnimg.melon.co.kr/cm2/album/images/112/19/676/11219676_20230407112119_500.jpg/melon/resize/282/quality/80/optimize,
인디음악,25,김페리,Wonderland (Feat. 채은),Wonderland,https://cdnimg.melon.co.kr/cm2/album/images/112/19/675/11219675_20230407111950_500.jpg/melon/resize/282/quality/80/optimize,
인디음악,26,양현준(Hj),이별따위,Have to,https://cdnimg.melon.co.kr/cm2/album/images/112/20/020/11220020_20230407163220_500.jpg/melon/resize/282/quality/80/optimize,
인디음악,27,현유환,Hi,Hi,https://cdnimg.melon.co.kr/cm2/album/images/112/19/912/11219912_20230407152414_500.jpg/melon/resize/282/quality/80/optimize,
인디음악,28,Maniac Kings [매니악킹즈],Say,Say,https://cdnimg.melon.co.kr/cm2/album/images/112/19/730/11219730_20230407135057_500.jpg/melon/resize/282/quality/80/optimize,
인디음악,29,bojvck,Break/Junkie,I THINK YOU NEED SOME BREAK,https://cdnimg.melon.co.kr/cm2/album/images/112/19/627/11219627_20230407104328_500.jpg/melon/resize/282/quality/80/optimize,
인디음악,30,머문 (MEOMUN),또,또,https://cdnimg.melon.co.kr/cm2/album/images/112/19/617/11219617_20230407103450_500.jpg/melon/resize/282/quality/80/optimize,
인디음악,31,HEENA,JIMMY CHUU,JIMMY CHUU,https://cdnimg.melon.co.kr/cm2/album/images/112/19/379/11219379_20230406174905_500.jpg/melon/resize/282/quality/80/optimize,
인디음악,32,슈가볼 (Sugarbowl),연애담 : Love Story,연애담 : Love Story,https://cdnimg.melon.co.kr/cm2/album/images/112/17/902/11217902_20230405112451_500.jpg/melon/resize/282/quality/80/optimize,
인디음악,33,주예인,내 이름을 불러줘,내 이름을 불러줘,https://cdnimg.melon.co.kr/cm2/album/images/112/19/150/11219150_20230406153553_500.jpg/melon/resize/282/quality/80/optimize,
인디음악,34,이윤오,나랑 살래,나랑 살래,https://cdnimg.melon.co.kr/cm2/album/images/112/19/124/11219124_20230406151653_500.jpg/melon/resize/282/quality/80/optimize,
인디음악,35,안재우,1 Step (Feat. 김미정),1 Step (Feat. 김미정),https://cdnimg.melon.co.kr/cm2/album/images/112/19/335/11219335_20230406171237_500.jpg/melon/resize/282/quality/80/optimize,
인디음악,36,류가람,향기,향기,https://cdnimg.melon.co.kr/cm2/album/images/112/17/937/11217937_20230405114555_500.jpg/melon/resize/282/quality/80/optimize,
인디음악,37,DAY-U (대이유),종이 마음에 쏜살같이 짙은 공허 파고든다 (feat. 김민경),종이 마음에 쏜살같이 짙은 공허 파고든다 (feat. 김민경),https://cdnimg.melon.co.kr/cm2/album/images/112/19/341/11219341_20230406171740_500.jpg/melon/resize/282/quality/80/optimize,
인디음악,38,Caj,"19금
퐆",잠깐,https://cdnimg.melon.co.kr/cm2/album/images/112/19/339/11219339_20230406171543_500.jpg/melon/resize/282/quality/80/optimize,
인디음악,39,DALSIA (달시아),Shadow Wings,Shadow Wings,https://cdnimg.melon.co.kr/cm2/album/images/112/19/338/11219338_20230406171431_500.jpg/melon/resize/282/quality/80/optimize,
인디음악,40,DQT,우리 사진,우리 사진,https://cdnimg.melon.co.kr/cm2/album/images/112/19/313/11219313_20230406164657_500.jpg/melon/resize/282/quality/80/optimize,
인디음악,41,정완,Muse,Wan;e Ⅲ,https://cdnimg.melon.co.kr/cm2/album/images/112/19/296/11219296_20230406163516_500.jpg/melon/resize/282/quality/80/optimize,
인디음악,42,Lumel (루멜),My Bad,My Bad,https://cdnimg.melon.co.kr/cm2/album/images/112/19/270/11219270_20230406162506_500.jpg/melon/resize/282/quality/80/optimize,
인디음악,43,양재동 사람들,실루엣 [Vocal by 담이],실루엣,https://cdnimg.melon.co.kr/cm2/album/images/112/19/255/11219255_20230406162044_500.jpg/melon/resize/282/quality/80/optimize,
인디음악,44,정디 (JungDii),Paradise,Paradise,https://cdnimg.melon.co.kr/cm2/album/images/112/19/213/11219213_20230406160312_500.jpg/melon/resize/282/quality/80/optimize,
인디음악,45,김개미,사라질까,사라질까,https://cdnimg.melon.co.kr/cm2/album/images/112/19/142/11219142_20230406152802_500.jpg/melon/resize/282/quality/80/optimize,
인디음악,46,전설화,궁금해 나의 고양이,궁금해 나의 고양이,https://cdnimg.melon.co.kr/cm2/album/images/112/19/121/11219121_20230406151609_500.jpg/melon/resize/282/quality/80/optimize,
인디음악,47,김태훈,Don't Worry,Don't Worry,https://cdnimg.melon.co.kr/cm2/album/images/112/19/110/11219110_20230406151319_500.jpg/melon/resize/282/quality/80/optimize,
인디음악,48,Sunset On The Bridge,Freedom Train,Freedom Train,https://cdnimg.melon.co.kr/cm2/album/images/112/19/109/11219109_20230406151147_500.jpg/melon/resize/282/quality/80/optimize,
인디음악,49,밤마루,나의 섬 나의 바다,나의 섬 나의 바다,https://cdnimg.melon.co.kr/cm2/album/images/112/19/103/11219103_20230406150850_500.jpg/melon/resize/282/quality/80/optimize,
인디음악,50,Red C,그 자리,The Place,https://cdnimg.melon.co.kr/cm2/album/images/112/19/093/11219093_20230406150612_500.jpg/melon/resize/282/quality/80/optimize,
록／메탈,1,이츠,낭만주의,Narcissus,https://cdnimg.melon.co.kr/cm2/album/images/112/19/357/11219357_20230406173048_500.jpg/melon/resize/282/quality/80/optimize,
록／메탈,2,off the menu (오프더메뉴),The Void,The Void,https://cdnimg.melon.co.kr/cm2/album/images/112/19/733/11219733_20230407135237_500.jpg/melon/resize/282/quality/80/optimize,
록／메탈,3,주로키 (JUROKEY),사랑은 먼지 같아도,그냥,https://cdnimg.melon.co.kr/cm2/album/images/112/19/667/11219667_20230407111519_500.jpg/melon/resize/282/quality/80/optimize,
록／메탈,4,HYUNIRANG (현이랑),깊은 밤을 비추는 거울,깊은 밤을 비추는 거울,https://cdnimg.melon.co.kr/cm2/album/images/112/19/960/11219960_20230407154453_500.jpg/melon/resize/282/quality/80/optimize,
록／메탈,5,21학번,코인 노래방,코인 노래방,https://cdnimg.melon.co.kr/cm2/album/images/112/19/961/11219961_20230407154724_500.jpg/melon/resize/282/quality/80/optimize,
록／메탈,6,OoOo (오넷),영원이라는 건 없지만,영원이라는 건 없지만,https://cdnimg.melon.co.kr/cm2/album/images/112/18/749/11218749_20230406103322_500.jpg/melon/resize/282/quality/80/optimize,
록／메탈,7,eiji,April fools,April fools,https://cdnimg.melon.co.kr/cm2/album/images/112/19/705/11219705_20230407121130_500.jpg/melon/resize/282/quality/80/optimize,
록／메탈,8,김페리,Wonderland (Feat. 채은),Wonderland,https://cdnimg.melon.co.kr/cm2/album/images/112/19/675/11219675_20230407111950_500.jpg/melon/resize/282/quality/80/optimize,
록／메탈,9,Ashall,"Love Is Time 2 Broken (Feat. TREVI, Kris Main)",Love Is Time 2 Broken,https://cdnimg.melon.co.kr/cm2/album/images/112/19/927/11219927_20230407152907_500.jpg/melon/resize/282/quality/80/optimize,
록／메탈,10,Maniac Kings [매니악킹즈],Say,Say,https://cdnimg.melon.co.kr/cm2/album/images/112/19/730/11219730_20230407135057_500.jpg/melon/resize/282/quality/80/optimize,
록／메탈,11,TONLIZ,Replay (Feat. Youngcode),Page,https://cdnimg.melon.co.kr/cm2/album/images/112/19/656/11219656_20230407110922_500.jpg/melon/resize/282/quality/80/optimize,
록／메탈,12,김윤아,강,행복한 사랑은 없네,https://cdnimg.melon.co.kr/cm2/album/images/112/19/239/11219239_20230406161407_500.jpg/melon/resize/282/quality/80/optimize,
록／메탈,13,난아진,LEAD,조선변호사 오리지널 사운드 트랙 2,https://cdnimg.melon.co.kr/cm2/album/images/112/18/681/11218681_20230405175205_500.jpg/melon/resize/282/quality/80/optimize,
록／메탈,14,DALSIA (달시아),Shadow Wings,Shadow Wings,https://cdnimg.melon.co.kr/cm2/album/images/112/19/338/11219338_20230406171431_500.jpg/melon/resize/282/quality/80/optimize,
록／메탈,15,에테,새벽별,새벽별,https://cdnimg.melon.co.kr/cm2/album/images/112/19/336/11219336_20230406171357_500.jpg/melon/resize/282/quality/80/optimize,
록／메탈,16,아스카 (ASUKA),돌길,돌길,https://cdnimg.melon.co.kr/cm2/album/images/112/19/308/11219308_20230406164429_500.jpg/melon/resize/282/quality/80/optimize,
록／메탈,17,BEFREE (비프리),실루엣(Silhouette),BORN FOR,https://cdnimg.melon.co.kr/cm2/album/images/112/19/301/11219301_20230406163825_500.jpg/melon/resize/282/quality/80/optimize,
록／메탈,18,정완,Muse,Wan;e Ⅲ,https://cdnimg.melon.co.kr/cm2/album/images/112/19/296/11219296_20230406163516_500.jpg/melon/resize/282/quality/80/optimize,
록／메탈,19,타임코스모스,불면,불면,https://cdnimg.melon.co.kr/cm2/album/images/112/19/278/11219278_20230406162918_500.jpg/melon/resize/282/quality/80/optimize,
록／메탈,20,Sunset On The Bridge,Freedom Train,Freedom Train,https://cdnimg.melon.co.kr/cm2/album/images/112/19/109/11219109_20230406151147_500.jpg/melon/resize/282/quality/80/optimize,
록／메탈,21,밤마루,나의 섬 나의 바다,나의 섬 나의 바다,https://cdnimg.melon.co.kr/cm2/album/images/112/19/103/11219103_20230406150850_500.jpg/melon/resize/282/quality/80/optimize,
록／메탈,22,Red C,그 자리,The Place,https://cdnimg.melon.co.kr/cm2/album/images/112/19/093/11219093_20230406150612_500.jpg/melon/resize/282/quality/80/optimize,
록／메탈,23,그린스마일 (Green smile),미안해요,미안해요,https://cdnimg.melon.co.kr/cm2/album/images/112/19/075/11219075_20230406150019_500.jpg/melon/resize/282/quality/80/optimize,
록／메탈,24,Vivid Slow (비비드 슬로우),Astral Hole (Feat. H3athr Sun),Astral Hole (Feat. H3athr Sun),https://cdnimg.melon.co.kr/cm2/album/images/112/19/066/11219066_20230406141921_500.jpg/melon/resize/282/quality/80/optimize,
록／메탈,25,Pebecco,작업실 그때,작업실 그때,https://cdnimg.melon.co.kr/cm2/album/images/112/18/675/11218675_20230405173333_500.jpg/melon/resize/282/quality/80/optimize,
록／메탈,26,라 블랑캣 (La Blancat),Home alone,Home alone,https://cdnimg.melon.co.kr/cm2/album/images/112/18/233/11218233_20230405145109_500.jpg/melon/resize/282/quality/80/optimize,
록／메탈,27,문웅주,문과 문 사이에 잠들어버린 나는,빨간소파,https://cdnimg.melon.co.kr/cm2/album/images/112/17/924/11217924_20230405113054_500.jpg/melon/resize/282/quality/80/optimize,
록／메탈,28,김민성,연인,연인,https://cdnimg.melon.co.kr/cm2/album/images/112/18/551/11218551_20230405170431_500.jpg/melon/resize/282/quality/80/optimize,
록／메탈,29,김달,벽,Off The Wall,https://cdnimg.melon.co.kr/cm2/album/images/112/18/189/11218189_20230405143122_500.jpg/melon/resize/282/quality/80/optimize,
록／메탈,30,이주연,Fireball,Fireball,https://cdnimg.melon.co.kr/cm2/album/images/112/18/704/11218704_20230406095900_500.jpg/melon/resize/282/quality/80/optimize,
록／메탈,31,GeuRuJam (그루잠),늦었지만,Two&One,https://cdnimg.melon.co.kr/cm2/album/images/112/18/700/11218700_20230405184531_500.jpg/melon/resize/282/quality/80/optimize,
록／메탈,32,이지선 밴드,가청주파수,가청주파수,https://cdnimg.melon.co.kr/cm2/album/images/112/18/236/11218236_20230405145633_500.jpg/melon/resize/282/quality/80/optimize,
록／메탈,33,Sonergy,Log in,LOG IN,https://cdnimg.melon.co.kr/cm2/album/images/112/18/142/11218142_20230405140352_500.jpg/melon/resize/282/quality/80/optimize,
록／메탈,34,민광진,정했지 뭐야 (Feat. 서상욱),정했지 뭐야 (Feat. 서상욱),https://cdnimg.melon.co.kr/cm2/album/images/112/18/123/11218123_20230405134023_500.jpg/melon/resize/282/quality/80/optimize,
록／메탈,35,니하,소음,소음,https://cdnimg.melon.co.kr/cm2/album/images/112/17/926/11217926_20230405113234_500.jpg/melon/resize/282/quality/80/optimize,
록／메탈,36,아트윰,Buzz (부제 : 예쁜 댓글 부탁드려요),예쁜 댓글 부탁드려요,https://cdnimg.melon.co.kr/cm2/album/images/112/17/921/11217921_20230405112756_500.jpg/melon/resize/282/quality/80/optimize,
록／메탈,37,장기하,해,해 / 할건지말건지,https://cdnimg.melon.co.kr/cm2/album/images/112/17/916/11217916_20230405112618_500.jpg/melon/resize/282/quality/80/optimize,
록／메탈,38,몽니,견딜만해?,견딜만해?,https://cdnimg.melon.co.kr/cm2/album/images/112/17/353/11217353_20230404145133_500.jpg/melon/resize/282/quality/80/optimize,
록／메탈,39,모브닝 (MOVNING),원탁의 기사,원탁의 기사,https://cdnimg.melon.co.kr/cm2/album/images/112/17/539/11217539_20230404173606_500.jpg/melon/resize/282/quality/80/optimize,
록／메탈,40,해인,그림자,그림자,https://cdnimg.melon.co.kr/cm2/album/images/112/17/619/11217619_20230405092005_500.jpg/melon/resize/282/quality/80/optimize,
록／메탈,41,protein doll,통증,통증,https://cdnimg.melon.co.kr/cm2/album/images/112/17/616/11217616_20230405091741_500.jpg/melon/resize/282/quality/80/optimize,
록／메탈,42,유운 (U.Un),눈을 감고 떠보니,눈을 감고 떠보니,https://cdnimg.melon.co.kr/cm2/album/images/112/17/615/11217615_20230405091600_500.jpg/melon/resize/282/quality/80/optimize,
록／메탈,43,송희태,별이 되어줄래요,별이 되어줄래요,https://cdnimg.melon.co.kr/cm2/album/images/112/17/561/11217561_20230404183430_500.jpg/melon/resize/282/quality/80/optimize,
록／메탈,44,Miiro (미로),계절범죄 (Feat. 새빛),계절범죄,https://cdnimg.melon.co.kr/cm2/album/images/112/17/356/11217356_20230404145205_500.jpg/melon/resize/282/quality/80/optimize,
록／메탈,45,박재환,얼음 (Prod.MAENG),ICE BREAKING,https://cdnimg.melon.co.kr/cm2/album/images/112/17/328/11217328_20230404142557_500.jpg/melon/resize/282/quality/80/optimize,
록／메탈,46,데님키즈 (DENIM KIDS!),기다려,기다려,https://cdnimg.melon.co.kr/cm2/album/images/112/17/318/11217318_20230404141621_500.jpg/melon/resize/282/quality/80/optimize,
록／메탈,47,우현,꿈 별,꿈 별,https://cdnimg.melon.co.kr/cm2/album/images/112/17/159/11217159_20230404103920_500.jpg/melon/resize/282/quality/80/optimize,
록／메탈,48,Gerda,Glacial mind,Glacial mind,https://cdnimg.melon.co.kr/cm2/album/images/112/16/432/11216432_20230403162300_500.jpg/melon/resize/282/quality/80/optimize,
록／메탈,49,Kiwi,Belly Button,Belly Button,https://cdnimg.melon.co.kr/cm2/album/images/112/16/384/11216384_20230403161028_500.jpg/melon/resize/282/quality/80/optimize,
록／메탈,50,Glen Check,"Cactus, Cactus","Cactus, Cactus",https://cdnimg.melon.co.kr/cm2/album/images/112/17/527/11217527_20230404171610_500.jpg/melon/resize/282/quality/80/optimize,
트로트,1,송가인,비나리,불후의 명곡 - 아티스트 심수봉 편 2부,https://cdnimg.melon.co.kr/cm2/album/images/112/20/053/11220053_20230407164305_500.jpg/melon/resize/282/quality/80/optimize,
트로트,2,안성훈,아내에게,미스터트롯2 토크콘서트 베스트 PART1,https://cdnimg.melon.co.kr/cm2/album/images/112/19/162/11219162_20230406154449_500.jpg/melon/resize/282/quality/80/optimize,
트로트,3,홍자,꽃놀이 가요,track by YOON: 꽃놀이 가요,https://cdnimg.melon.co.kr/cm2/album/images/112/19/157/11219157_20230407160825_500.jpg/melon/resize/282/quality/80/optimize,
트로트,4,강재수,아픈손가락,아픈손가락,https://cdnimg.melon.co.kr/cm2/album/images/112/19/111/11219111_20230406151346_500.jpg/melon/resize/282/quality/80/optimize,
트로트,5,김수정,이쁜날,이쁜날,https://cdnimg.melon.co.kr/cm2/album/images/112/19/358/11219358_20230406173320_500.jpg/melon/resize/282/quality/80/optimize,
트로트,6,김희석,끝까지 간다,끝까지 간다,https://cdnimg.melon.co.kr/cm2/album/images/112/19/337/11219337_20230406171402_500.jpg/melon/resize/282/quality/80/optimize,
트로트,7,신세령,그날 (Cover Ver.),그날,https://cdnimg.melon.co.kr/cm2/album/images/112/19/307/11219307_20230406164421_500.jpg/melon/resize/282/quality/80/optimize,
트로트,8,최욱,서울역 광장,서울역 광장,https://cdnimg.melon.co.kr/cm2/album/images/112/19/306/11219306_20230406164338_500.jpg/melon/resize/282/quality/80/optimize,
트로트,9,팔수,어머니 가마니,어머니 가마니,https://cdnimg.melon.co.kr/cm2/album/images/112/19/305/11219305_20230406164325_500.jpg/melon/resize/282/quality/80/optimize,
트로트,10,달재&유수,인생꽃밭,인생꽃밭,https://cdnimg.melon.co.kr/cm2/album/images/112/19/139/11219139_20230406152523_500.jpg/melon/resize/282/quality/80/optimize,
트로트,11,박진,세월역,세월역,https://cdnimg.melon.co.kr/cm2/album/images/112/19/134/11219134_20230406152201_500.jpg/melon/resize/282/quality/80/optimize,
트로트,12,강혜인,당신의 여자,강혜인 첫번째 이야기,https://cdnimg.melon.co.kr/cm2/album/images/112/19/132/11219132_20230406152057_500.jpg/melon/resize/282/quality/80/optimize,
트로트,13,남수란,별빛같은 나의 사랑아 (Cover Ver.),남수란 논스톱 디스코 메들리,https://cdnimg.melon.co.kr/cm2/album/images/112/19/131/11219131_20230406151929_500.jpg/melon/resize/282/quality/80/optimize,
트로트,14,윤이나,인생길,인생길,https://cdnimg.melon.co.kr/cm2/album/images/112/19/114/11219114_20230406151451_500.jpg/melon/resize/282/quality/80/optimize,
트로트,15,김주사랑,좋아요를 눌러요,좋아요를 눌러요,https://cdnimg.melon.co.kr/cm2/album/images/112/19/070/11219070_20230406144347_500.jpg/melon/resize/282/quality/80/optimize,
트로트,16,김길순,사랑이 비를 맞아요 (Cover Ver.),김길순의 사랑의 멜로디,https://cdnimg.melon.co.kr/cm2/album/images/112/18/539/11218539_20230405164102_500.jpg/melon/resize/282/quality/80/optimize,
트로트,17,홍미애,섬마을 선생님 (Cover Ver.),홍미애의 그리움,https://cdnimg.melon.co.kr/cm2/album/images/112/18/538/11218538_20230405163944_500.jpg/melon/resize/282/quality/80/optimize,
트로트,18,김인해,또또또,또또또,https://cdnimg.melon.co.kr/cm2/album/images/112/18/535/11218535_20230405163904_500.jpg/melon/resize/282/quality/80/optimize,
트로트,19,박금희,내 고향,내 고향,https://cdnimg.melon.co.kr/cm2/album/images/112/18/219/11218219_20230405144143_500.jpg/melon/resize/282/quality/80/optimize,
트로트,20,조항조,목포항,목포항,https://cdnimg.melon.co.kr/cm2/album/images/112/18/138/11218138_20230405135848_500.jpg/melon/resize/282/quality/80/optimize,
트로트,21,유영배,멋진 인생,멋진 인생,https://cdnimg.melon.co.kr/cm2/album/images/112/18/137/11218137_20230405135829_500.jpg/melon/resize/282/quality/80/optimize,
트로트,22,백년부부,당신만 사랑해,당신만 사랑해,https://cdnimg.melon.co.kr/cm2/album/images/112/18/136/11218136_20230405135711_500.jpg/melon/resize/282/quality/80/optimize,
트로트,23,권미희,님 마중 가는 길,님 마중 가는 길,https://cdnimg.melon.co.kr/cm2/album/images/112/18/133/11218133_20230405135525_500.jpg/melon/resize/282/quality/80/optimize,
트로트,24,지애,묻지마라,묻지마라,https://cdnimg.melon.co.kr/cm2/album/images/112/18/132/11218132_20230405135522_500.jpg/melon/resize/282/quality/80/optimize,
트로트,25,여수연,길떠난 나그네,길떠난 나그네,https://cdnimg.melon.co.kr/cm2/album/images/112/18/128/11218128_20230405135203_500.jpg/melon/resize/282/quality/80/optimize,
트로트,26,단교,교수님 살려주세요…,대학생들을 위한 바른 길라잡이,https://cdnimg.melon.co.kr/cm2/album/images/112/17/913/11217913_20230405112559_500.jpg/melon/resize/282/quality/80/optimize,
트로트,27,현진우,사랑은 무죄,사랑은 무죄,https://cdnimg.melon.co.kr/cm2/album/images/112/18/337/11218337_20230405151100_500.jpg/melon/resize/282/quality/80/optimize,
트로트,28,진미와 산마,주말부부,주말부부,https://cdnimg.melon.co.kr/cm2/album/images/112/17/628/11217628_20230405092513_500.jpg/melon/resize/282/quality/80/optimize,
트로트,29,조윤환,못난 내가 (Cover Ver.),조윤환의 사랑은 눈물,https://cdnimg.melon.co.kr/cm2/album/images/112/17/564/11217564_20230404183810_500.jpg/melon/resize/282/quality/80/optimize,
트로트,30,이희정,사랑이 왔다,사랑이 왔다,https://cdnimg.melon.co.kr/cm2/album/images/112/17/563/11217563_20230404183709_500.jpg/melon/resize/282/quality/80/optimize,
트로트,31,한복희,추억 어린 인천항,추억 어린 인천항,https://cdnimg.melon.co.kr/cm2/album/images/112/17/338/11217338_20230404143247_500.jpg/melon/resize/282/quality/80/optimize,
트로트,32,이은하,청춘,이은하 Golden Hits,https://cdnimg.melon.co.kr/cm2/album/images/112/17/268/11217268_20230404115530_500.jpg/melon/resize/282/quality/80/optimize,
트로트,33,이정옥,메밀꽃 필무렵 (Cover Ver.),이정옥의 노래마을 7,https://cdnimg.melon.co.kr/cm2/album/images/112/17/267/11217267_20230404115340_500.jpg/melon/resize/282/quality/80/optimize,
트로트,34,이당,비에 젖은 종로거리,비에 젖은 종로거리,https://cdnimg.melon.co.kr/cm2/album/images/112/17/266/11217266_20230404115245_500.jpg/melon/resize/282/quality/80/optimize,
트로트,35,한정자,정말 좋았네 (Cover Ver.),한정자 트로트 사랑,https://cdnimg.melon.co.kr/cm2/album/images/112/17/264/11217264_20230404115037_500.jpg/melon/resize/282/quality/80/optimize,
트로트,36,이다연,계룡산연가,계룡산연가,https://cdnimg.melon.co.kr/cm2/album/images/112/17/263/11217263_20230404114923_500.jpg/melon/resize/282/quality/80/optimize,
트로트,37,무,산삼을 달인 물도 아닌데,산삼을 달인 물도 아닌데,https://cdnimg.melon.co.kr/cm2/album/images/112/17/262/11217262_20230404114805_500.jpg/melon/resize/282/quality/80/optimize,
트로트,38,한봄,오늘밤에,오늘밤에,https://cdnimg.melon.co.kr/cm2/album/images/112/17/258/11217258_20230404114136_500.jpg/melon/resize/282/quality/80/optimize,
트로트,39,윤태화,다시또,다시또,https://cdnimg.melon.co.kr/cm2/album/images/112/17/261/11217261_20230404114805_500.jpg/melon/resize/282/quality/80/optimize,
트로트,40,F.Memoria BAND,내 친구 앞산,내 친구 앞산,https://cdnimg.melon.co.kr/cm2/album/images/112/16/757/11216757_20230403174236_500.jpg/melon/resize/282/quality/80/optimize,
트로트,41,임서연,인연 (Cover Ver.),임서연의 사랑 설레임,https://cdnimg.melon.co.kr/cm2/album/images/112/16/474/11216474_20230403165005_500.jpg/melon/resize/282/quality/80/optimize,
트로트,42,양세진,청춘꽃,청춘꽃,https://cdnimg.melon.co.kr/cm2/album/images/112/16/473/11216473_20230403164952_500.jpg/melon/resize/282/quality/80/optimize,
트로트,43,이성자,인생은 꿈인걸,인생은 꿈인걸,https://cdnimg.melon.co.kr/cm2/album/images/112/16/469/11216469_20230403164802_500.jpg/melon/resize/282/quality/80/optimize,
트로트,44,길동현,돌려놔,돌려놔,https://cdnimg.melon.co.kr/cm2/album/images/112/16/468/11216468_20230403164737_500.jpg/melon/resize/282/quality/80/optimize,
트로트,45,진표,맞벌이,맞벌이,https://cdnimg.melon.co.kr/cm2/album/images/112/16/231/11216231_20230403142107_500.jpg/melon/resize/282/quality/80/optimize,
트로트,46,태란,포항아리랑,태란 신곡,https://cdnimg.melon.co.kr/cm2/album/images/112/16/213/11216213_20230403135924_500.jpg/melon/resize/282/quality/80/optimize,
트로트,47,차연정,좋은사이 (Dance Ver.),좋은사이,https://cdnimg.melon.co.kr/cm2/album/images/112/16/196/11216196_20230403135650_500.jpg/melon/resize/282/quality/80/optimize,
트로트,48,조병인,부모의 소원,부모의 소원,https://cdnimg.melon.co.kr/cm2/album/images/112/16/176/11216176_20230403135420_500.jpg/melon/resize/282/quality/80/optimize,
트로트,49,안현민,책임질게 (Feat.상민),책임질게,https://cdnimg.melon.co.kr/cm2/album/images/112/16/173/11216173_20230403135308_500.jpg/melon/resize/282/quality/80/optimize,
트로트,50,니은,흐노니,흐노니,https://cdnimg.melon.co.kr/cm2/album/images/112/16/170/11216170_20230403135206_500.jpg/melon/resize/282/quality/80/optimize,
포크／블루스,1,강동훈,처음이라서,연애의 참견 2023 OST - Part.10,https://cdnimg.melon.co.kr/cm2/album/images/112/19/948/11219948_20230407153814_500.jpg/melon/resize/282/quality/80/optimize,
포크／블루스,2,김뜻돌,다섯 번째 봄,다섯 번째 봄,https://cdnimg.melon.co.kr/cm2/album/images/112/19/635/11219635_20230407105547_500.jpg/melon/resize/282/quality/80/optimize,
포크／블루스,3,안희수,Drawing,Drawing,https://cdnimg.melon.co.kr/cm2/album/images/112/19/653/11219653_20230407110711_500.jpg/melon/resize/282/quality/80/optimize,
포크／블루스,4,이윤오,나랑 살래,나랑 살래,https://cdnimg.melon.co.kr/cm2/album/images/112/19/124/11219124_20230406151653_500.jpg/melon/resize/282/quality/80/optimize,
포크／블루스,5,DAY-U (대이유),종이 마음에 쏜살같이 짙은 공허 파고든다 (feat. 김민경),종이 마음에 쏜살같이 짙은 공허 파고든다 (feat. 김민경),https://cdnimg.melon.co.kr/cm2/album/images/112/19/341/11219341_20230406171740_500.jpg/melon/resize/282/quality/80/optimize,
포크／블루스,6,DQT,우리 사진,우리 사진,https://cdnimg.melon.co.kr/cm2/album/images/112/19/313/11219313_20230406164657_500.jpg/melon/resize/282/quality/80/optimize,
포크／블루스,7,엘라,Renew,Renew,https://cdnimg.melon.co.kr/cm2/album/images/112/19/247/11219247_20230406161758_500.jpg/melon/resize/282/quality/80/optimize,
포크／블루스,8,전설화,궁금해 나의 고양이,궁금해 나의 고양이,https://cdnimg.melon.co.kr/cm2/album/images/112/19/121/11219121_20230406151609_500.jpg/melon/resize/282/quality/80/optimize,
포크／블루스,9,김태훈,Don't Worry,Don't Worry,https://cdnimg.melon.co.kr/cm2/album/images/112/19/110/11219110_20230406151319_500.jpg/melon/resize/282/quality/80/optimize,
포크／블루스,10,의안,모든 것은 떠나려,모든 것은 떠나려,https://cdnimg.melon.co.kr/cm2/album/images/112/19/087/11219087_20230406150516_500.jpg/melon/resize/282/quality/80/optimize,
포크／블루스,11,서자영,How about U,How about U,https://cdnimg.melon.co.kr/cm2/album/images/112/17/859/11217859_20230405110641_500.jpg/melon/resize/282/quality/80/optimize,
포크／블루스,12,김로망,내 마음이 너를 그린다면,내 마음이 너를 그린다면,https://cdnimg.melon.co.kr/cm2/album/images/112/17/829/11217829_20230405104734_500.jpg/melon/resize/282/quality/80/optimize,
포크／블루스,13,송비,편지,편지,https://cdnimg.melon.co.kr/cm2/album/images/112/18/154/11218154_20230405140919_500.jpg/melon/resize/282/quality/80/optimize,
포크／블루스,14,김 봄,익선동,익선동,https://cdnimg.melon.co.kr/cm2/album/images/112/17/925/11217925_20230405113057_500.jpg/melon/resize/282/quality/80/optimize,
포크／블루스,15,은종,봄이야 봄,봄이야 봄,https://cdnimg.melon.co.kr/cm2/album/images/112/16/672/11216672_20230403171217_500.jpg/melon/resize/282/quality/80/optimize,
포크／블루스,16,김종환,염색,염색,https://cdnimg.melon.co.kr/cm2/album/images/112/17/256/11217256_20230404114023_500.jpg/melon/resize/282/quality/80/optimize,
포크／블루스,17,지건우,커튼,커튼,https://cdnimg.melon.co.kr/cm2/album/images/112/17/544/11217544_20230404175034_500.jpg/melon/resize/282/quality/80/optimize,
포크／블루스,18,커스틴 (KIRSTENE),Someday (경계),Someday (경계),https://cdnimg.melon.co.kr/cm2/album/images/112/17/319/11217319_20230404141716_500.jpg/melon/resize/282/quality/80/optimize,
포크／블루스,19,고진현,"강화읍 궁골길 (Ganghwa-eup, Gunggol-gil)","헤매다, 섬 (Wander, island)",https://cdnimg.melon.co.kr/cm2/album/images/112/17/224/11217224_20230404112132_500.jpg/melon/resize/282/quality/80/optimize,
포크／블루스,20,보리,시절인연,시절인연,https://cdnimg.melon.co.kr/cm2/album/images/112/17/037/11217037_20230404102032_500.jpg/melon/resize/282/quality/80/optimize,
포크／블루스,21,미성,봄날소녀,봄날소녀(A Girl In Spring),https://cdnimg.melon.co.kr/cm2/album/images/112/16/684/11216684_20230403171325_500.jpg/melon/resize/282/quality/80/optimize,
포크／블루스,22,철수형님,치킨송 (Feat. 나니),치킨송 (Feat. 나니),https://cdnimg.melon.co.kr/cm2/album/images/112/16/100/11216100_20230403134041_500.jpg/melon/resize/282/quality/80/optimize,
포크／블루스,23,이구이 (IGWI),말해줘,이구이 정규앨범 1집,https://cdnimg.melon.co.kr/cm2/album/images/112/16/082/11216082_20230403133511_500.jpg/melon/resize/282/quality/80/optimize,
포크／블루스,24,강백수,동네 산책 (feat. 도빛),동네 산책,https://cdnimg.melon.co.kr/cm2/album/images/112/16/268/11216268_20230403145436_500.jpg/melon/resize/282/quality/80/optimize,
포크／블루스,25,신은선,우리,우리,https://cdnimg.melon.co.kr/cm2/album/images/112/16/761/11216761_20230403174602_500.jpg/melon/resize/282/quality/80/optimize,
포크／블루스,26,미드나잇 띵스 (Midnight things),말해뭐해,말해뭐해,https://cdnimg.melon.co.kr/cm2/album/images/112/16/175/11216175_20230403135419_500.jpg/melon/resize/282/quality/80/optimize,
포크／블루스,27,심재준,아빠의 눈물,회상#26,https://cdnimg.melon.co.kr/cm2/album/images/112/16/174/11216174_20230403135416_500.jpg/melon/resize/282/quality/80/optimize,
포크／블루스,28,이규석,사랑을 피우리라,사랑을 피우리라,https://cdnimg.melon.co.kr/cm2/album/images/112/16/172/11216172_20230403135226_500.jpg/melon/resize/282/quality/80/optimize,
포크／블루스,29,정예원 (YEWON),봄이면 다 되는 줄 알았어,봄이면 다 되는 줄 알았어,https://cdnimg.melon.co.kr/cm2/album/images/112/15/946/11215946_20230403103119_500.jpg/melon/resize/282/quality/80/optimize,
포크／블루스,30,류진,너의 친구 커플,너의 친구 커플,https://cdnimg.melon.co.kr/cm2/album/images/112/15/430/11215430_20230331164213_500.jpg/melon/resize/282/quality/80/optimize,
포크／블루스,31,정현우,11=1+1,11=1+1,https://cdnimg.melon.co.kr/cm2/album/images/112/15/340/11215340_20230331161915_500.jpg/melon/resize/282/quality/80/optimize,
포크／블루스,32,이준영,마음애(Feat. 우연히),마음애,https://cdnimg.melon.co.kr/cm2/album/images/112/15/291/11215291_20230331160158_500.jpg/melon/resize/282/quality/80/optimize,
포크／블루스,33,노하 老河,대낭,대낭,https://cdnimg.melon.co.kr/cm2/album/images/112/14/903/11214903_20230331115118_500.jpg/melon/resize/282/quality/80/optimize,
포크／블루스,34,두마디,허니문,기타여행,https://cdnimg.melon.co.kr/cm2/album/images/112/14/479/11214479_20230330180514_500.jpg/melon/resize/282/quality/80/optimize,
포크／블루스,35,박치음,지구를 떠나기 전에(지구를 떠나기 전에),지구를 떠나기 전에,https://cdnimg.melon.co.kr/cm2/album/images/112/13/814/11213814_20230330103341_500.jpg/melon/resize/282/quality/80/optimize,
포크／블루스,36,유다빈밴드,꿈보다 더,꿈보다 더,https://cdnimg.melon.co.kr/cm2/album/images/112/14/747/11214747_20230331004850_500.jpg/melon/resize/282/quality/80/optimize,
포크／블루스,37,2842,온도,3.8 mile,https://cdnimg.melon.co.kr/cm2/album/images/112/15/241/11215241_20230331153603_500.jpg/melon/resize/282/quality/80/optimize,
포크／블루스,38,미코로우 (Mykolow),Eyes Open,Eyes Open,https://cdnimg.melon.co.kr/cm2/album/images/112/14/981/11214981_20230331120524_500.jpg/melon/resize/282/quality/80/optimize,
포크／블루스,39,박창근,너무 깊이 생각하지마,국가가 부른다 Part47,https://cdnimg.melon.co.kr/cm2/album/images/112/15/066/11215066_20230331122534_500.jpg/melon/resize/282/quality/80/optimize,
포크／블루스,40,다린,미지,bud,https://cdnimg.melon.co.kr/cm2/album/images/112/15/029/11215029_20230331121443_500.jpg/melon/resize/282/quality/80/optimize,
포크／블루스,41,천진우,마음농장,푸줏간,https://cdnimg.melon.co.kr/cm2/album/images/112/15/393/11215393_20230331163517_500.jpg/melon/resize/282/quality/80/optimize,
포크／블루스,42,수필여행,"낯선 곳, 그리움",수필여행1,https://cdnimg.melon.co.kr/cm2/album/images/112/15/374/11215374_20230331162913_500.jpg/melon/resize/282/quality/80/optimize,
포크／블루스,43,그렇게 우리는 음,우리의 사랑이 끝나지 않길 바래,우리의 사랑이 끝나지 않길 바래,https://cdnimg.melon.co.kr/cm2/album/images/112/15/250/11215250_20230331153715_500.jpg/melon/resize/282/quality/80/optimize,
포크／블루스,44,j.glo (제이글로),너를 사랑하는 시간,너를 사랑하는 시간,https://cdnimg.melon.co.kr/cm2/album/images/112/15/028/11215028_20230331121428_500.jpg/melon/resize/282/quality/80/optimize,
포크／블루스,45,강너울,혹시 그대,혹시 그대,https://cdnimg.melon.co.kr/cm2/album/images/112/14/961/11214961_20230331120148_500.jpg/melon/resize/282/quality/80/optimize,
포크／블루스,46,연우 (Yeonwoo),선선한,선선한,https://cdnimg.melon.co.kr/cm2/album/images/112/14/320/11214320_20230330143605_500.jpg/melon/resize/282/quality/80/optimize,
포크／블루스,47,Amazing Visual (어메이징 비주얼),헤비메탈,헤비메탈,https://cdnimg.melon.co.kr/cm2/album/images/112/15/483/11215483_20230331175217_500.jpg/melon/resize/282/quality/80/optimize,
포크／블루스,48,윤아미,내 마음 들꽃처럼,내 마음 들꽃처럼,https://cdnimg.melon.co.kr/cm2/album/images/112/14/469/11214469_20230330173424_500.jpg/melon/resize/282/quality/80/optimize,
포크／블루스,49,주시은,아메리카노,아메리카노,https://cdnimg.melon.co.kr/cm2/album/images/112/14/456/11214456_20230330172254_500.jpg/melon/resize/282/quality/80/optimize,
포크／블루스,50,Soppy,우리는 달력을 샀다,우리는 달력을 샀다,https://cdnimg.melon.co.kr/cm2/album/images/112/14/322/11214322_20230330144315_500.jpg/melon/resize/282/quality/80/optimize,
