"GENDER","GENERATION","ARTIST","SONG_NAME","ALBUM_NAME","ALBUM_IMG","YOUTUBE"
"여성",30,"에픽하이 (EPIK HIGH)","Fan","Remapping The Human Soul","https://musicmeta-phinf.pstatic.net/album/000/044/44954.jpg?type=r480Fll","https://www.youtube.com/watch?v=eINjPkO7w4M"
"여성",30,"투모로우바이투게더","9와 4분의 3 승강장에서 너를 기다려 (Run Away)","꿈의 장: MAGIC","https://musicmeta-phinf.pstatic.net/album/003/352/3352317.jpg?type=r480Fll","https://www.youtube.com/watch?v=6yWPfUz0z94"
"여성",30,"오반","어떻게 지내 (Prod. By VAN.C)","어떻게 지내","https://musicmeta-phinf.pstatic.net/album/004/477/4477123.jpg?type=r480Fll","https://www.youtube.com/watch?v=jBAdBd_hd-8"
"여성",30,"언니네 이발관","혼자 추는 춤","혼자 추는 춤","https://musicmeta-phinf.pstatic.net/album/000/605/605547.jpg?type=r480Fll","https://www.youtube.com/watch?v=Y6-TY-F2NXs"
"여성",30,"Kygo, OneRepublic","Lose Somebody","Golden Hour","https://musicmeta-phinf.pstatic.net/album/004/498/4498621.jpg?type=r480Fll","https://www.youtube.com/watch?v=xDAW5NtoLvI"
"여성",30,"더 자두","대화가 필요해","Change Yourself","https://musicmeta-phinf.pstatic.net/album/000/001/1640.jpg?type=r480Fll","https://www.youtube.com/watch?v=faPQoNUC4GQ"
"여성",30,"The Kid LAROI, Justin Bieber","STAY","STAY","https://musicmeta-phinf.pstatic.net/album/006/158/6158502.jpg?type=r480Fll","https://www.youtube.com/watch?v=kTJczUoc26U"
"여성",30,"Anne-Marie","Ciao Adios","Ciao Adios","https://musicmeta-phinf.pstatic.net/album/001/781/1781272.jpg?type=r480Fll","https://www.youtube.com/watch?v=B_uc09yShC4"
"여성",30,"릴러말즈 (Leellamarz)","불편해 (Feat. Gist)","MaRz&B","https://musicmeta-phinf.pstatic.net/album/008/233/8233535.jpg?type=r480Fll","https://www.youtube.com/watch?v=9rKfb7qZWIs"
"여성",40,"Agust D","D-Day","D-DAY","https://musicmeta-phinf.pstatic.net/album/009/422/9422556.jpg?type=r480Fll","https://www.youtube.com/watch?v=fxuR4CDuFk8"
"여성",40,"부석순(SEVENTEEN)","파이팅 해야지 (Feat. 이영지)","부석순 1st Single Album 'SECOND WIND'","https://musicmeta-phinf.pstatic.net/album/008/835/8835837.jpg?type=r480Fll","https://www.youtube.com/watch?v=mBXBOLG06Wc"
"여성",40,"NewJeans","Ditto","NewJeans 'OMG'","https://musicmeta-phinf.pstatic.net/album/008/500/8500274.jpg?type=r480Fll","https://www.youtube.com/watch?v=Km71Rr9K-Bw"
"여성",40,"Agust D","해금","D-DAY","https://musicmeta-phinf.pstatic.net/album/009/422/9422556.jpg?type=r480Fll","https://www.youtube.com/watch?v=iy9qZR_OGa0"
"여성",40,"아이유(IU)","Love poem","Love poem","https://musicmeta-phinf.pstatic.net/album/003/399/3399860.jpg?type=r480Fll","https://www.youtube.com/watch?v=OcVmaIlHZ1o"
"여성",40,"Charlie Puth","I Don't Think That I Like Her","CHARLIE","https://musicmeta-phinf.pstatic.net/album/006/958/6958691.jpg?type=r480Fll","https://www.youtube.com/watch?v=9voN0gkdlS4"
"여성",40,"영턱스클럽","정 (위험한 이별)","정","https://musicmeta-phinf.pstatic.net/album/000/026/26713.jpg?type=r480Fll","https://www.youtube.com/watch?v=2BgqorB8L20"
"여성",40,"이무진","신호등","신호등","https://musicmeta-phinf.pstatic.net/album/005/843/5843153.jpg?type=r480Fll","https://www.youtube.com/watch?v=IgzbIFHQhdA"
"여성",40,"스페이스 에이(Space A)","주홍글씨 (Dance Ver.)","주홍글씨","https://musicmeta-phinf.pstatic.net/album/000/002/2435.jpg?type=r480Fll","https://www.youtube.com/watch?v=Cra_lguqAtw"
"여성",40,"성시경","아픈 나를 (Prod. By 나얼)","나얼 <Ballad Pop City>","https://musicmeta-phinf.pstatic.net/album/6e9a4c62/83c8/4edd/a6ec/cc4573e25dbc/8552667.jpg?type=r480Fll","https://www.youtube.com/watch?v=IGoM4EuOVM0"
"여성",40,"극동아시아타이거즈","별","별","https://musicmeta-phinf.pstatic.net/album/007/437/7437082.jpg?type=r480Fll","https://www.youtube.com/watch?v=SAWhoHapnXc"
"여성",40,"IVE(아이브)","After LIKE","After LIKE","https://musicmeta-phinf.pstatic.net/album/007/969/7969069.jpg?type=r480Fll","https://www.youtube.com/watch?v=F0B7HDiY-10"
"여성",40,"Miley Cyrus","Flowers","Flowers","https://musicmeta-phinf.pstatic.net/album/008/733/8733523.jpg?type=r480Fll","https://www.youtube.com/watch?v=cjSO-zop4os"
"여성",40,"STAYC(스테이씨)","Teddy Bear","Teddy Bear","https://musicmeta-phinf.pstatic.net/album/045d36ff/2534/4a45/abd2/bb063fa6c5e3/8830640.jpg?type=r480Fll","https://www.youtube.com/watch?v=SxHmoifp0oQ"
"여성",40,"NewJeans","Hype boy","NewJeans 1st EP 'New Jeans'","https://musicmeta-phinf.pstatic.net/album/007/795/7795016.jpg?type=r480Fll","https://www.youtube.com/watch?v=11cta61wi0g"
"여성",40,"imase","NIGHT DANCER","NIGHT DANCER","https://musicmeta-phinf.pstatic.net/album/007/918/7918109.jpg?type=r480Fll","https://www.youtube.com/watch?v=kagoEGKHZvU"
"여성",40,"SZA","Kill Bill","SOS","https://musicmeta-phinf.pstatic.net/album/008/432/8432839.jpg?type=r480Fll","https://www.youtube.com/watch?v=SQnc1QibapQ"
"여성",40,"지민","Like Crazy","FACE","https://musicmeta-phinf.pstatic.net/album/009/313/9313232.jpg?type=r480Fll","https://www.youtube.com/watch?v=HALG3Ty52mY"
"여성",40,"NCT DREAM","Candy","Candy - Winter Special Mini Album","https://musicmeta-phinf.pstatic.net/album/b8064006/9433/4866/85d8/27d2d4d63fd0/8462508.jpg?type=r480Fll","https://www.youtube.com/watch?v=zuoSn3ObMz4"
"여성",40,"투모로우바이투게더","Sugar Rush Ride","이름의 장: TEMPTATION","https://musicmeta-phinf.pstatic.net/album/008/755/8755887.jpg?type=r480Fll","https://www.youtube.com/watch?v=P9tKTxbgdkk"
"여성",40,"지수 (JISOO)","꽃","ME","https://musicmeta-phinf.pstatic.net/album/009/399/9399447.jpg?type=r480Fll","https://www.youtube.com/watch?v=YudHcBIxlYw"
"여성",40,"Zior Park","CHRISTIAN","WHERE DOES SASQUATCH LIVE? PART 1","https://musicmeta-phinf.pstatic.net/album/009/005/9005635.jpg?type=r480Fll","https://www.youtube.com/watch?v=Dqlr8EDunCM"
"여성",40,"소유 (SOYOU)","우리는 매일 이별을 향해 걸어가지","우리는 매일 이별을 향해 걸어가지","https://musicmeta-phinf.pstatic.net/album/009/491/9491706.jpg?type=r480Fll","https://www.youtube.com/watch?v=rQbh4iyyM3E"
"여성",40,"Christopher, 청하","When I Get Old","When I Get Old","https://musicmeta-phinf.pstatic.net/album/5b295a40/80a1/46b0/8d7d/71c74a596c45/8241264.jpg?type=r480Fll","https://www.youtube.com/watch?v=Ua3aNDJE_Cg"
"여성",40,"윤하","사건의 지평선","YOUNHA 6th Album Repackage 'END THEORY : Final Edition'","https://musicmeta-phinf.pstatic.net/album/007/434/7434553.jpg?type=r480Fll","https://www.youtube.com/watch?v=BBdC1rl5sKY"
"여성",40,"성시경","다정하게, 안녕히","구르미 그린 달빛 (KBS2 월화드라마) OST - Part 5","https://musicmeta-phinf.pstatic.net/album/000/663/663437.jpg?type=r480Fll","https://www.youtube.com/watch?v=wGfL3ukGxbU"
"여성",40,"이소라","신청곡 (Feat. SUGA of BTS)","신청곡 (Feat. SUGA of BTS)","https://musicmeta-phinf.pstatic.net/album/002/819/2819078.jpg?type=r480Fll","https://www.youtube.com/watch?v=ij0SQZcqnPU"
"여성",40,"주주 시크릿","밤이 무서워요 (Lonely Night)","밤이 무서워요 (Lonely Night)","https://musicmeta-phinf.pstatic.net/album/009/329/9329937.jpg?type=r480Fll","https://www.youtube.com/watch?v=l8xsaUjjGrM"
"여성",40,"태양","VIBE (feat. Jimin of BTS)","VIBE (feat. Jimin of BTS)","https://musicmeta-phinf.pstatic.net/album/008/733/8733596.jpg?type=r480Fll","https://www.youtube.com/watch?v=cXCBiF67jLM"
"여성",40,"이영지","NOT SORRY (Feat. pH-1) (Prod. by Slom)","쇼미더머니 11 Episode 3","https://musicmeta-phinf.pstatic.net/album/008/480/8480282.jpg?type=r480Fll","https://www.youtube.com/watch?v=dp8fgSykQZQ"
"여성",40,"스페이스 에이(Space A)","섹시한 남자","Re-Turn","https://musicmeta-phinf.pstatic.net/album/000/370/370076.jpg?type=r480Fll","https://www.youtube.com/watch?v=0hh7qr8ZKBk"
"여성",40,"자우림","STAY WITH ME","영원한 사랑","https://musicmeta-phinf.pstatic.net/album/006/714/6714254.jpg?type=r480Fll","https://www.youtube.com/watch?v=p7Yc0kaz_hY"
"여성",40,"이영지","낮 밤 (feat. 박재범)","낮 밤 (feat. 박재범)","https://musicmeta-phinf.pstatic.net/album/006/616/6616534.jpg?type=r480Fll","https://www.youtube.com/watch?v=g3rD2V4meGs"
"여성",40,"페퍼톤스(PEPPERTONES)","Thank You","Thank You","https://musicmeta-phinf.pstatic.net/album/000/372/372728.jpg?type=r480Fll","https://www.youtube.com/watch?v=5nApMCTK0yo"
"여성",40,"BIG Naughty (서동현)","정이라고 하자 (Feat. 10CM)","정이라고 하자","https://musicmeta-phinf.pstatic.net/album/007/502/7502798.jpg?type=r480Fll","https://www.youtube.com/watch?v=DYrY1E4-9NI"
"여성",40,"10CM","봄이 좋냐??","3.2","https://musicmeta-phinf.pstatic.net/album/000/628/628171.jpg?type=r480Fll","https://www.youtube.com/watch?v=ZDotTeH8qQI"
"여성",40,"10CM","그라데이션","5.3","https://musicmeta-phinf.pstatic.net/album/007/651/7651729.jpg?type=r480Fll","https://www.youtube.com/watch?v=VQZXXciZb_c"
"여성",40,"페퍼톤스(PEPPERTONES)","계절의 끝에서","Open Run","https://musicmeta-phinf.pstatic.net/album/000/336/336209.jpg?type=r480Fll","https://www.youtube.com/watch?v=xPxPdOG7744"
"여성",40,"왁스","화장을 고치고","화장을 고치고","https://musicmeta-phinf.pstatic.net/album/000/001/1564.jpg?type=r480Fll","https://www.youtube.com/watch?v=6A4FnyJcNBM"
"여성",40,"유피 (UP)","바다","Second Birth","https://musicmeta-phinf.pstatic.net/album/000/026/26827.jpg?type=r480Fll","https://www.youtube.com/watch?v=PHtm0pIUpPw"
"여성",40,"유엔 (UN)","평생","UNITED N-GENERATION","https://musicmeta-phinf.pstatic.net/album/000/002/2463.jpg?type=r480Fll","https://www.youtube.com/watch?v=jt4BJUyonhQ"
"여성",40,"유엔 (UN)","선물","Traveling You","https://musicmeta-phinf.pstatic.net/album/000/002/2693.jpg?type=r480Fll","https://www.youtube.com/watch?v=ybx-6MqtqFg"
"여성",40,"솔리드","천생연분","light camera action","https://musicmeta-phinf.pstatic.net/album/000/002/2578.jpg?type=r480Fll","https://www.youtube.com/watch?v=M2hlTs4ngsY"
"여성",40,"유피 (UP)","뿌요뿌요 (pyo pyo)","Second Birth","https://musicmeta-phinf.pstatic.net/album/000/026/26827.jpg?type=r480Fll","https://www.youtube.com/watch?v=c5mqtOWPcBM"
"여성",40,"인디고","여름아! 부탁해","Indigo","https://musicmeta-phinf.pstatic.net/album/000/002/2881.jpg?type=r480Fll","https://www.youtube.com/watch?v=P_COMZh7tEY"
"여성",40,"새소년","긴 꿈","긴 꿈","https://musicmeta-phinf.pstatic.net/album/002/066/2066675.jpg?type=r480Fll","https://www.youtube.com/watch?v=tzL4A8hyXc8"
"여성",40,"용준형","소나기 (Feat. 10cm)","소나기 (Feat. 10cm)","https://musicmeta-phinf.pstatic.net/album/002/422/2422964.jpg?type=r480Fll","https://www.youtube.com/watch?v=rD8iXrvL2EY"
"여성",40,"새소년","난춘 (亂春)","난춘 (亂春)","https://musicmeta-phinf.pstatic.net/album/004/557/4557021.jpg?type=r480Fll","https://www.youtube.com/watch?v=KsznX5j2oQ0"
"여성",40,"박혜경","고백","1","https://musicmeta-phinf.pstatic.net/album/000/001/1368.jpg?type=r480Fll","https://www.youtube.com/watch?v=SzoNVWfUUG0"
"여성",40,"자우림","스물다섯, 스물하나","Goodbye, grief.","https://musicmeta-phinf.pstatic.net/album/000/398/398547.jpg?type=r480Fll","https://www.youtube.com/watch?v=AizDJNhLW5s"
"여성",10,"IVE(아이브)","I AM","I've IVE","https://musicmeta-phinf.pstatic.net/album/009/334/9334427.jpg?type=r480Fll","https://www.youtube.com/watch?v=6ZUIwj3FgUY"
"여성",10,"STAYC(스테이씨)","ASAP","STAYDOM","https://musicmeta-phinf.pstatic.net/album/005/539/5539302.jpg?type=r480Fll","https://www.youtube.com/watch?v=NsY-9MCOIAQ"
"여성",10,"방탄소년단","Butter","Butter","https://musicmeta-phinf.pstatic.net/album/005/902/5902422.jpg?type=r480Fll","https://www.youtube.com/watch?v=WMweEpGlu_U"
"여성",10,"세븐틴 (SEVENTEEN)","Ready to love","SEVENTEEN 8th Mini Album 'Your Choice'","https://musicmeta-phinf.pstatic.net/album/006/031/6031784.jpg?type=r480Fll","https://www.youtube.com/watch?v=yCvSR4lSqTg"
"여성",10,"TWICE(트와이스)","What is Love?","What is Love?","https://musicmeta-phinf.pstatic.net/album/002/443/2443616.jpg?type=r480Fll","https://www.youtube.com/watch?v=i0p1bmr0EmE"
"여성",10,"마마무(Mamamoo)","HIP","reality in BLACK","https://musicmeta-phinf.pstatic.net/album/003/419/3419510.jpg?type=r480Fll","https://www.youtube.com/watch?v=KhTeiaCezwM"
"여성",10,"Red Velvet (레드벨벳)","Psycho","'The ReVe Festival' Finale","https://musicmeta-phinf.pstatic.net/album/003/948/3948913.jpg?type=r480Fll","https://www.youtube.com/watch?v=uR8Mrt1IpXg"
"여성",10,"aespa","Next Level","Next Level","https://musicmeta-phinf.pstatic.net/album/005/872/5872148.jpg?type=r480Fll","https://www.youtube.com/watch?v=4TWR90KJl84"
"여성",10,"NCT DREAM","맛 (Hot Sauce)","맛 (Hot Sauce) - The 1st Album","https://musicmeta-phinf.pstatic.net/album/005/802/5802115.jpg?type=r480Fll","https://www.youtube.com/watch?v=PkKnp4SdE-w"
"여성",10,"아이유(IU)","라일락","IU 5th Album 'LILAC'","https://musicmeta-phinf.pstatic.net/album/005/211/5211473.jpg?type=r480Fll","https://www.youtube.com/watch?v=v7bnOxV4jAc"
"여성",10,"Say Yes!","Say My Name","BOYS PLANET - ARTIST BATTLE","https://musicmeta-phinf.pstatic.net/album/009/416/9416056.jpg?type=r480Fll","https://www.youtube.com/watch?v=jkemczUyhW4"
"여성",10,"세븐틴 (SEVENTEEN)","먼지","SEVENTEEN 10th Mini Album 'FML'","https://musicmeta-phinf.pstatic.net/album/009/554/9554326.jpg?type=r480Fll","https://www.youtube.com/watch?v=QaILH-kvbR4"
"여성",10,"WOODZ","심연","OO-LI","https://musicmeta-phinf.pstatic.net/album/009/113/9113175.jpg?type=r480Fll","https://www.youtube.com/watch?v=V-eu0NmPHXQ"
"여성",10,"이채연","KNOCK","Over The Moon","https://musicmeta-phinf.pstatic.net/album/009/449/9449661.jpg?type=r480Fll","https://www.youtube.com/watch?v=OM3rrr4Jzg4"
"여성",10,"세븐틴 (SEVENTEEN)","F*ck My Life","SEVENTEEN 10th Mini Album 'FML'","https://musicmeta-phinf.pstatic.net/album/009/554/9554326.jpg?type=r480Fll","https://www.youtube.com/watch?v=SB03Cbc50i8"
"여성",10,"세븐틴 (SEVENTEEN)","손오공","SEVENTEEN 10th Mini Album 'FML'","https://musicmeta-phinf.pstatic.net/album/009/554/9554326.jpg?type=r480Fll","https://www.youtube.com/watch?v=-GQg25oP0S4"
"여성",10,"던(DAWN)","빛이 나는 너에게","빛이 나는 너에게","https://musicmeta-phinf.pstatic.net/album/009/481/9481315.jpg?type=r480Fll","https://www.youtube.com/watch?v=yyrKLHNCbq0"
"여성",10,"FIFTY FIFTY","Cupid","The Beginning: Cupid","https://musicmeta-phinf.pstatic.net/album/009/178/9178590.jpg?type=r480Fll","https://www.youtube.com/watch?v=Qc7_zRjH808"
"여성",10,"NCT 도재정","Perfume","Perfume - The 1st Mini Album","https://musicmeta-phinf.pstatic.net/album/009/491/9491534.jpg?type=r480Fll","https://www.youtube.com/watch?v=7nRiE4sLLxE"
"여성",10,"tripleS(트리플에스)","Rising","ASSEMBLE","https://musicmeta-phinf.pstatic.net/album/3ee17777/96a7/4eef/a48d/ad74e1daec74/8949443.jpg?type=r480Fll","https://www.youtube.com/watch?v=3TQd2ahq6oU"
"여성",10,"BOYS PLANET","Jelly Pop","BOYS PLANET - FINAL TOP9 BATTLE","https://musicmeta-phinf.pstatic.net/album/009/499/9499685.jpg?type=r480Fll","https://www.youtube.com/watch?v=FoRAxERsLfc"
"여성",10,"볼빨간사춘기","FRIEND THE END","사랑.zip","https://musicmeta-phinf.pstatic.net/album/009/486/9486305.jpg?type=r480Fll","https://www.youtube.com/watch?v=haceXrrm-LU"
"여성",10,"WOODZ","Journey","OO-LI","https://musicmeta-phinf.pstatic.net/album/009/113/9113175.jpg?type=r480Fll","https://www.youtube.com/watch?v=IGIhtI9TRwY"
"여성",10,"YOASOBI","アイドル","アイドル","https://musicmeta-phinf.pstatic.net/album/009/425/9425775.jpg?type=r480Fll","https://www.youtube.com/watch?v=ZRtdQ81jPUQ"
"여성",10,"지수 (JISOO)","꽃","ME","https://musicmeta-phinf.pstatic.net/album/009/399/9399447.jpg?type=r480Fll","https://www.youtube.com/watch?v=YudHcBIxlYw"
"여성",10,"NMIXX","Love Me Like This","expergo","https://musicmeta-phinf.pstatic.net/album/009/286/9286430.jpg?type=r480Fll","https://www.youtube.com/watch?v=EDnwWcFpObo"
"여성",10,"브레이브걸스(Brave Girls)","치맛바람 (Chi Mat Ba Ram)","Summer Queen","https://musicmeta-phinf.pstatic.net/album/006/029/6029544.jpg?type=r480Fll","https://www.youtube.com/watch?v=e70PkoJhQYM"
"여성",10,"BLACKPINK","How You Like That","How You Like That","https://musicmeta-phinf.pstatic.net/album/004/613/4613637.jpg?type=r480Fll","https://www.youtube.com/watch?v=ioNng23DkIM"
"여성",10,"NCT 도재정","Kiss","Perfume - The 1st Mini Album","https://musicmeta-phinf.pstatic.net/album/009/491/9491534.jpg?type=r480Fll","https://www.youtube.com/watch?v=g0TMZ8I9LD0"
"여성",10,"NCT 127","Sticker","Sticker - The 3rd Album","https://musicmeta-phinf.pstatic.net/album/006/436/6436468.jpg?type=r480Fll","https://www.youtube.com/watch?v=1oYWnbTSang"
"여성",10,"이하이","Brave Enough","청춘기록 (tvN 월화드라마) OST - Part 7","https://musicmeta-phinf.pstatic.net/album/005/010/5010005.jpg?type=r480Fll","https://www.youtube.com/watch?v=HOoP3OEtrxg"
"여성",10,"마마무(Mamamoo)","AYA","TRAVEL","https://musicmeta-phinf.pstatic.net/album/005/064/5064545.jpg?type=r480Fll","https://www.youtube.com/watch?v=UoI9riNffEU"
"여성",10,"ITZY(있지)","달라달라","IT'z Different","https://musicmeta-phinf.pstatic.net/album/002/841/2841538.jpg?type=r480Fll","https://www.youtube.com/watch?v=pNfTK39k55U"
"여성",10,"투모로우바이투게더","0X1=LOVESONG (I Know I Love You) feat. Seori","혼돈의 장: FREEZE","https://musicmeta-phinf.pstatic.net/album/005/911/5911060.jpg?type=r480Fll","https://www.youtube.com/watch?v=d5bbqKYu51w"
"여성",10,"Red Velvet (레드벨벳)","Queendom","Queendom - The 6th Mini Album","https://musicmeta-phinf.pstatic.net/album/006/303/6303210.jpg?type=r480Fll","https://www.youtube.com/watch?v=c9RzZpV460k"
"여성",10,"AKMU(악뮤)","어떻게 이별까지 사랑하겠어, 널 사랑하는 거지","항해","https://musicmeta-phinf.pstatic.net/album/003/199/3199865.jpg?type=r480Fll","https://www.youtube.com/watch?v=m3DZsBw5bnE"
"여성",10,"전소미","DUMB DUMB","DUMB DUMB","https://musicmeta-phinf.pstatic.net/album/006/254/6254892.jpg?type=r480Fll","https://www.youtube.com/watch?v=tg2uF3R_Ozo"
"여성",10,"DAY6(데이식스)","예뻤어","Every DAY6 February","https://musicmeta-phinf.pstatic.net/album/001/779/1779662.jpg?type=r480Fll","https://www.youtube.com/watch?v=BS7tz2rAOSA"
"여성",10,"브레이브걸스(Brave Girls)","롤린 (Rollin')","Rollin'","https://musicmeta-phinf.pstatic.net/album/001/821/1821057.jpg?type=r480Fll","https://www.youtube.com/watch?v=-Axm4IYHVYk"
"여성",10,"The Kid LAROI, Justin Bieber","STAY","STAY","https://musicmeta-phinf.pstatic.net/album/006/158/6158502.jpg?type=r480Fll","https://www.youtube.com/watch?v=Ec7TN_11az8"
"여성",10,"현아","I'm Not Cool","I'm Not Cool","https://musicmeta-phinf.pstatic.net/album/005/213/5213231.jpg?type=r480Fll","https://www.youtube.com/watch?v=_yXEnhyOTQo"
"여성",10,"IZ*ONE(아이즈원)","Panorama","One-reeler / Act IV","https://musicmeta-phinf.pstatic.net/album/005/147/5147124.jpg?type=r480Fll","https://www.youtube.com/watch?v=G8GaQdW2wHc"
"여성",10,"방탄소년단","Permission to Dance","Butter / Permission to Dance","https://musicmeta-phinf.pstatic.net/album/006/162/6162038.jpg?type=r480Fll","https://www.youtube.com/watch?v=CuklIb9d3fI"
"여성",10,"(여자)아이들","화(火花)","I burn","https://musicmeta-phinf.pstatic.net/album/005/190/5190622.jpg?type=r480Fll","https://www.youtube.com/watch?v=z3szNvgQxHo"
"여성",10,"로제 (ROSE)","Gone","R","https://musicmeta-phinf.pstatic.net/album/005/338/5338058.jpg?type=r480Fll","https://www.youtube.com/watch?v=0Yn8-0nUiLk"
"여성",10,"제니 (JENNIE)","SOLO","SOLO","https://musicmeta-phinf.pstatic.net/album/002/623/2623361.jpg?type=r480Fll","https://www.youtube.com/watch?v=b73BI9eUkjM"
"여성",10,"오마이걸(OH MY GIRL)","Dolphin","NONSTOP","https://musicmeta-phinf.pstatic.net/album/004/535/4535336.jpg?type=r480Fll","https://www.youtube.com/watch?v=oaRTMjLdiDw"
"여성",10,"ITZY(있지)","마.피.아. In the morning","GUESS WHO","https://musicmeta-phinf.pstatic.net/album/005/740/5740377.jpg?type=r480Fll","https://www.youtube.com/watch?v=_ysomCGaZLw"
"여성",10,"아이유(IU)","Celebrity","IU 5th Album 'LILAC'","https://musicmeta-phinf.pstatic.net/album/005/211/5211473.jpg?type=r480Fll","https://www.youtube.com/watch?v=0-q1KafFCLU"
"여성",10,"방탄소년단","Dynamite","Dynamite (DayTime Version)","https://musicmeta-phinf.pstatic.net/album/004/820/4820425.jpg?type=r480Fll","https://www.youtube.com/watch?v=gdZLi9oWNZg"
"여성",10,"BLACKPINK","Lovesick Girls","THE ALBUM","https://musicmeta-phinf.pstatic.net/album/004/983/4983288.jpg?type=r480Fll","https://www.youtube.com/watch?v=dyRsYk0LyA8"
"여성",10,"TWICE(트와이스)","Alcohol-Free","Taste of Love","https://musicmeta-phinf.pstatic.net/album/005/993/5993240.jpg?type=r480Fll","https://www.youtube.com/watch?v=XA2YEHn-A8Q"
"여성",10,"아스트로(ASTRO)","ONE","All Yours","https://musicmeta-phinf.pstatic.net/album/005/516/5516343.jpg?type=r480Fll","https://www.youtube.com/watch?v=XxlsLmHwCSk"
"여성",10,"태연 (TAEYEON)","사계 (Four Seasons)","사계 (Four Seasons)","https://musicmeta-phinf.pstatic.net/album/002/950/2950189.jpg?type=r480Fll","https://www.youtube.com/watch?v=_LvHIVItJHM"
"여성",10,"로제 (ROSE)","On The Ground","R","https://musicmeta-phinf.pstatic.net/album/005/338/5338058.jpg?type=r480Fll","https://www.youtube.com/watch?v=i7AUMU-GDNg"
"여성",10,"Etham","12:45 (Stripped)","Stripped - EP","https://musicmeta-phinf.pstatic.net/album/002/830/2830196.jpg?type=r480Fll","https://www.youtube.com/watch?v=OyTIMOlY1ag"
"여성",10,"청하","Bicycle","Querencia","https://musicmeta-phinf.pstatic.net/album/005/228/5228107.jpg?type=r480Fll","https://www.youtube.com/watch?v=Cagpf33BJl4"
"여성",20,"카이 (KAI)","Rover","Rover - The 3rd Mini Album","https://musicmeta-phinf.pstatic.net/album/009/298/9298303.jpg?type=r480Fll","https://www.youtube.com/watch?v=Qgqk96TJZyI"
"여성",20,"NMIXX","Love Me Like This","expergo","https://musicmeta-phinf.pstatic.net/album/009/286/9286430.jpg?type=r480Fll","https://www.youtube.com/watch?v=EDnwWcFpObo"
"여성",20,"던(DAWN)","빛이 나는 너에게","빛이 나는 너에게","https://musicmeta-phinf.pstatic.net/album/009/481/9481315.jpg?type=r480Fll","https://www.youtube.com/watch?v=yyrKLHNCbq0"
"여성",20,"볼빨간사춘기","FRIEND THE END","사랑.zip","https://musicmeta-phinf.pstatic.net/album/009/486/9486305.jpg?type=r480Fll","https://www.youtube.com/watch?v=haceXrrm-LU"
"여성",20,"Ariana Grande","7 rings","7 rings","https://musicmeta-phinf.pstatic.net/album/002/816/2816715.jpg?type=r480Fll","https://www.youtube.com/watch?v=QYh6mYIJG2Y"
"여성",20,"IVE(아이브)","Kitsch","I've IVE","https://musicmeta-phinf.pstatic.net/album/009/334/9334427.jpg?type=r480Fll","https://www.youtube.com/watch?v=r6p5Avk3GG8"
"여성",20,"김민석(멜로망스)","취중고백","취중고백","https://musicmeta-phinf.pstatic.net/album/006/739/6739257.jpg?type=r480Fll","https://www.youtube.com/watch?v=VMQl78z1DiY"
"여성",20,"Jennifer Lopez, Ja Rule","I'm Real (Murder Remix) (Feat. Ja Rule)","J To Tha L-O! The Remixes (Explicit Version)","https://musicmeta-phinf.pstatic.net/album/000/724/724099.jpg?type=r480Fll","https://www.youtube.com/watch?v=Sjx9oSJDAVQ"
"여성",20,"Camila Cabello","Havana (Feat. Young Thug)","Camila","https://musicmeta-phinf.pstatic.net/album/002/152/2152059.jpg?type=r480Fll","https://www.youtube.com/watch?v=BQ0mxQXmLsk"
"여성",20,"Post Malone","Chemical","Chemical","https://musicmeta-phinf.pstatic.net/album/009/485/9485668.jpg?type=r480Fll","https://www.youtube.com/watch?v=IzPQ_jA00bk"
"여성",20,"Meghan Trainor","All About That Bass","King's Coronation Party","https://musicmeta-phinf.pstatic.net/album/009/615/9615048.jpg?type=r480Fll","https://www.youtube.com/watch?v=7PCkvCPvDXk"
"여성",20,"Demi Lovato","Sorry Not Sorry","Tell Me You Love Me","https://musicmeta-phinf.pstatic.net/album/002/643/2643697.jpg?type=r480Fll","https://www.youtube.com/watch?v=q2NAU8XjqG4"
"여성",20,"Selena Gomez","Lose You To Love Me","Lose You To Love Me","https://musicmeta-phinf.pstatic.net/album/003/362/3362550.jpg?type=r480Fll","https://www.youtube.com/watch?v=zlJDTxahav0"
"여성",20,"Sia","Cheap Thrills (Feat. Sean Paul)","This Is Acting (Deluxe Version)","https://musicmeta-phinf.pstatic.net/album/000/661/661634.jpg?type=r480Fll","https://www.youtube.com/watch?v=31crA53Dgu0"
"여성",20,"Dua Lipa","New Rules","Dua Lipa (Deluxe)","https://musicmeta-phinf.pstatic.net/album/000/635/635724.jpg?type=r480Fll","https://www.youtube.com/watch?v=k2qgadSvNyU"
"여성",20,"Lorde","Royals","Pure Heroine","https://musicmeta-phinf.pstatic.net/album/000/396/396960.jpg?type=r480Fll","https://www.youtube.com/watch?v=nlcIKh6sBtc"
"여성",20,"송이한","밝게 빛나는 별이 되어 비춰줄게","밝게 빛나는 별이 되어 비춰줄게","https://musicmeta-phinf.pstatic.net/album/005/182/5182119.jpg?type=r480Fll","https://www.youtube.com/watch?v=5YQww_vbNTU"
"여성",20,"Katy Perry","Roar","PRISM (Deluxe)","https://musicmeta-phinf.pstatic.net/album/000/399/399492.jpg?type=r480Fll","https://www.youtube.com/watch?v=CevxZvSJLk8"
"여성",20,"조이 (JOY), 하동균","푸른 밤 이 노래","푸른 밤 이 노래","https://musicmeta-phinf.pstatic.net/album/009/450/9450740.jpg?type=r480Fll","https://www.youtube.com/watch?v=-s-Vmu2sDk8"
"여성",20,"Rihanna","Diamonds","Diamonds","https://musicmeta-phinf.pstatic.net/album/000/332/332083.jpg?type=r480Fll","https://www.youtube.com/watch?v=lWA2pjMjpBs"
"여성",20,"Halsey","Without Me","Without Me","https://musicmeta-phinf.pstatic.net/album/002/551/2551652.jpg?type=r480Fll","https://www.youtube.com/watch?v=ZAfAud_M_mg"
"여성",20,"FIFTY FIFTY","Cupid","The Beginning: Cupid","https://musicmeta-phinf.pstatic.net/album/009/178/9178590.jpg?type=r480Fll","https://www.youtube.com/watch?v=Qc7_zRjH808"
"여성",20,"이기광","Predator","Predator","https://musicmeta-phinf.pstatic.net/album/009/487/9487922.jpg?type=r480Fll","https://www.youtube.com/watch?v=UiR23BiprwY"
"여성",20,"IVE(아이브)","I AM","I've IVE","https://musicmeta-phinf.pstatic.net/album/009/334/9334427.jpg?type=r480Fll","https://www.youtube.com/watch?v=6ZUIwj3FgUY"
"여성",20,"Say Yes!","Say My Name","BOYS PLANET - ARTIST BATTLE","https://musicmeta-phinf.pstatic.net/album/009/416/9416056.jpg?type=r480Fll","https://www.youtube.com/watch?v=jkemczUyhW4"
"여성",20,"박재정","헤어지자 말해요","1집 Alone","https://musicmeta-phinf.pstatic.net/album/009/494/9494325.jpg?type=r480Fll","https://www.youtube.com/watch?v=UVNTNzRBr7s"
"여성",20,"박재범","Sunday Night Drive","Sunday Night Drive","https://musicmeta-phinf.pstatic.net/album/009/506/9506813.jpg?type=r480Fll","https://www.youtube.com/watch?v=iWoS847QveI"
"여성",20,"BOYS PLANET","Jelly Pop","BOYS PLANET - FINAL TOP9 BATTLE","https://musicmeta-phinf.pstatic.net/album/009/499/9499685.jpg?type=r480Fll","https://www.youtube.com/watch?v=FoRAxERsLfc"
"여성",20,"윤딴딴","내가 야! 하면 넌 예! (feat. 경서)","내가 야! 하면 넌 예!","https://musicmeta-phinf.pstatic.net/album/009/423/9423004.jpg?type=r480Fll","https://www.youtube.com/watch?v=QobRhpTWA28"
"여성",20,"지수 (JISOO)","꽃","ME","https://musicmeta-phinf.pstatic.net/album/009/399/9399447.jpg?type=r480Fll","https://www.youtube.com/watch?v=YudHcBIxlYw"
"여성",20,"세븐틴 (SEVENTEEN)","Fire","SEVENTEEN 10th Mini Album 'FML'","https://musicmeta-phinf.pstatic.net/album/009/554/9554326.jpg?type=r480Fll","https://www.youtube.com/watch?v=HJYmVv-lOkg"
"여성",20,"에이핑크(Apink)","D N D","SELF","https://musicmeta-phinf.pstatic.net/album/009/415/9415297.jpg?type=r480Fll","https://www.youtube.com/watch?v=w8Rhc9WdDjk"
"여성",20,"태양","슝! (feat. LISA of BLACKPINK)","Down to Earth","https://musicmeta-phinf.pstatic.net/album/009/555/9555374.jpg?type=r480Fll","https://www.youtube.com/watch?v=jUKEEKo-4pI"
"여성",20,"STAYC(스테이씨)","Teddy Bear","Teddy Bear","https://musicmeta-phinf.pstatic.net/album/045d36ff/2534/4a45/abd2/bb063fa6c5e3/8830640.jpg?type=r480Fll","https://www.youtube.com/watch?v=SxHmoifp0oQ"
"여성",20,"이채연","KNOCK","Over The Moon","https://musicmeta-phinf.pstatic.net/album/009/449/9449661.jpg?type=r480Fll","https://www.youtube.com/watch?v=3bnjH5jXxJc"
"여성",20,"스탠딩 에그(Standing Egg)","청소 (여름날 우리 X 스탠딩 에그)","청소 (여름날 우리 X 스탠딩 에그)","https://musicmeta-phinf.pstatic.net/album/009/591/9591755.jpg?type=r480Fll","https://www.youtube.com/watch?v=yVY9XH6edaw"
"여성",20,"허각","물론","물론","https://musicmeta-phinf.pstatic.net/album/009/613/9613552.jpg?type=r480Fll","https://www.youtube.com/watch?v=veUTBoY53yU"
"여성",20,"NCT 도재정","Perfume","Perfume - The 1st Mini Album","https://musicmeta-phinf.pstatic.net/album/009/491/9491534.jpg?type=r480Fll","https://www.youtube.com/watch?v=7nRiE4sLLxE"
"여성",20,"부석순(SEVENTEEN)","파이팅 해야지 (Feat. 이영지)","부석순 1st Single Album 'SECOND WIND'","https://musicmeta-phinf.pstatic.net/album/008/835/8835837.jpg?type=r480Fll","https://www.youtube.com/watch?v=mBXBOLG06Wc"
"여성",20,"H1-KEY(하이키)","건물 사이에 피어난 장미 (Rose Blossom)","H1-KEY 1st Mini Album [Rose Blossom]","https://musicmeta-phinf.pstatic.net/album/4af96eaf/e3fa/4392/8089/de20655cfd7f/8659695.jpg?type=r480Fll","https://www.youtube.com/watch?v=vfUAckewh_8"
"여성",20,"세븐틴 (SEVENTEEN)","손오공","SEVENTEEN 10th Mini Album 'FML'","https://musicmeta-phinf.pstatic.net/album/009/554/9554326.jpg?type=r480Fll","https://www.youtube.com/watch?v=-GQg25oP0S4"
"여성",20,"세븐틴 (SEVENTEEN)","F*ck My Life","SEVENTEEN 10th Mini Album 'FML'","https://musicmeta-phinf.pstatic.net/album/009/554/9554326.jpg?type=r480Fll","https://www.youtube.com/watch?v=SB03Cbc50i8"
"여성",20,"에이치코드(H:CODE)","꿈속에 너 (Feat. 전상근)","두 번째 이야기","https://musicmeta-phinf.pstatic.net/album/000/627/627707.jpg?type=r480Fll","https://www.youtube.com/watch?v=DhMLZlq_8gE"
"여성",20,"Billie Eilish","bad guy","WHEN WE ALL FALL ASLEEP, WHERE DO WE GO?","https://musicmeta-phinf.pstatic.net/album/002/966/2966558.jpg?type=r480Fll","https://www.youtube.com/watch?v=DyDfgMOUjCI"
"여성",20,"폴킴","모든 날, 모든 순간 (Every day, Every Moment)","'키스 먼저 할까요?' OST Part 3","https://musicmeta-phinf.pstatic.net/album/002/421/2421567.jpg?type=r480Fll","https://www.youtube.com/watch?v=1q_t6RNuH8c"
"여성",20,"정승환","너였다면","또 오해영 OST Part 5","https://musicmeta-phinf.pstatic.net/album/000/640/640805.jpg?type=r480Fll","https://www.youtube.com/watch?v=bkEpWA-4FfU"
"여성",20,"허각","나를 사랑했던 사람아","LACRIMOSO","https://musicmeta-phinf.pstatic.net/album/000/317/317223.jpg?type=r480Fll","https://www.youtube.com/watch?v=Ixq4FjZdzho"
"여성",20,"정준일","안아줘","Lo9ve3r4s","https://musicmeta-phinf.pstatic.net/album/000/301/301989.jpg?type=r480Fll","https://www.youtube.com/watch?v=W4SXOQ7xFoo"
"여성",20,"조유진(체리필터), 박기영","나에게로의 초대 (이상한 나라의 앨리스, 하트다 하트여왕)","복면가왕 89회","https://musicmeta-phinf.pstatic.net/album/001/709/1709584.jpg?type=r480Fll","https://www.youtube.com/watch?v=dz4WCVP0gEI"
"여성",20,"허각","hello","LIKE 1st MINI ALBUM 'First Story'","https://musicmeta-phinf.pstatic.net/album/000/207/207064.jpg?type=r480Fll","https://www.youtube.com/watch?v=bCC16u613vY"
"여성",20,"닐로(Nilo)","지나오다","About You","https://musicmeta-phinf.pstatic.net/album/002/252/2252719.jpg?type=r480Fll","https://www.youtube.com/watch?v=uqQqnWfJyAA"
"여성",20,"야다","이미 슬픈 사랑","Wear To Healing YADA","https://musicmeta-phinf.pstatic.net/album/000/001/1972.jpg?type=r480Fll","https://www.youtube.com/watch?v=S_cgH7nSXeI"
"여성",20,"소찬휘","Tears","First Bridge","https://musicmeta-phinf.pstatic.net/album/000/001/1408.jpg?type=r480Fll","https://www.youtube.com/watch?v=3W2EnCe4mCw"
"여성",20,"윤종신","좋니","LISTEN 010 좋니","https://musicmeta-phinf.pstatic.net/album/002/067/2067347.jpg?type=r480Fll","https://www.youtube.com/watch?v=jy_UiIQn_d0"
"여성",20,"김필","다시 사랑한다면 (니글니글 버터플라이)","복면가왕 47회","https://musicmeta-phinf.pstatic.net/album/000/619/619549.jpg?type=r480Fll","https://www.youtube.com/watch?v=YyKSZARBcGo"
"여성",20,"이승기","삭제","나방의 꿈","https://musicmeta-phinf.pstatic.net/album/000/027/27843.jpg?type=r480Fll","https://www.youtube.com/watch?v=GpUelwfBe-w"
"여성",20,"Lady Gaga","Telephone (Feat. Beyonce)","The Fame Monster (International Deluxe)","https://musicmeta-phinf.pstatic.net/album/000/165/165175.jpg?type=r480Fll","https://www.youtube.com/watch?v=EVBsypHzF3U"
"여성",20,"자우림","스물다섯, 스물하나","Goodbye, grief.","https://musicmeta-phinf.pstatic.net/album/000/398/398547.jpg?type=r480Fll","https://www.youtube.com/watch?v=AizDJNhLW5s"
"여성",20,"멜로망스(Melomance)","사랑인가 봐","사랑인가 봐 (사내맞선 OST 스페셜 트랙)","https://musicmeta-phinf.pstatic.net/album/007/226/7226704.jpg?type=r480Fll","https://www.youtube.com/watch?v=pTe9aJHEF_o"
"여성",20,"탑현","호랑수월가","호랑수월가","https://musicmeta-phinf.pstatic.net/album/006/898/6898111.jpg?type=r480Fll","https://www.youtube.com/watch?v=D92O5JT3E8A"
"여성",20,"Smooth Times","Crazy in Love","Smooth Times Play Beyonce Chill Out","https://musicmeta-phinf.pstatic.net/album/003/366/3366630.jpg?type=r480Fll","https://www.youtube.com/watch?v=ViwtNLUqkMY"
"여성",20,"KCM","흑백사진","Beautiful Mind","https://musicmeta-phinf.pstatic.net/album/000/028/28343.jpg?type=r480Fll","https://www.youtube.com/watch?v=mZsMYFVasCg"
"여성",20,"조정석","아로하","슬기로운 의사생활 OST Part 3","https://musicmeta-phinf.pstatic.net/album/004/498/4498641.jpg?type=r480Fll","https://www.youtube.com/watch?v=3DOkxQ3HDXE"
"여성",20,"버즈","가시","Buzz Effect","https://musicmeta-phinf.pstatic.net/album/000/031/31566.jpg?type=r480Fll","https://www.youtube.com/watch?v=1-Lm2LUR8Ss"
"여성",20,"10CM","스토커","3","https://musicmeta-phinf.pstatic.net/album/000/463/463624.jpg?type=r480Fll","https://www.youtube.com/watch?v=x7l0kLFN6Oc"
"여성",20,"빅마마","체념","Like The Bible","https://musicmeta-phinf.pstatic.net/album/000/002/2974.jpg?type=r480Fll","https://www.youtube.com/watch?v=XqWQzZESCYw"
"여성",20,"마크툽(Maktub)","찰나가 영원이 될 때 (The Eternal Moment)","Red Moon : Beyond The Light","https://musicmeta-phinf.pstatic.net/album/006/424/6424449.jpg?type=r480Fll","https://www.youtube.com/watch?v=tL7HKKEoW1Y"
"여성",20,"엠씨더맥스(M.C the MAX)","어디에도","pathos","https://musicmeta-phinf.pstatic.net/album/000/614/614753.jpg?type=r480Fll","https://www.youtube.com/watch?v=va5rf20Un24"
"여성",20,"Adele","Hello","25","https://musicmeta-phinf.pstatic.net/album/000/599/599714.jpg?type=r480Fll","https://www.youtube.com/watch?v=YQHsXMglC9A"
"여성",20,"Taylor Swift","Shake It Off","1989 (Deluxe)","https://musicmeta-phinf.pstatic.net/album/000/460/460602.jpg?type=r480Fll","https://www.youtube.com/watch?v=nfWlot6h_JM"
"여성",20,"Shakira","Can't Remember To Forget You (Feat. Rihanna)","Can't Remember To Forget You","https://musicmeta-phinf.pstatic.net/album/000/412/412319.jpg?type=r480Fll","https://www.youtube.com/watch?v=o3mP3mJDL2k"
"여성",20,"Christina Aguilera","Genie In A Bottle","Christina Aguilera","https://musicmeta-phinf.pstatic.net/album/000/004/4597.jpg?type=r480Fll","https://www.youtube.com/watch?v=kIDWgqDBNXA"
"여성",20,"KCM","천국의 계단","Love Affair","https://musicmeta-phinf.pstatic.net/album/000/037/37158.jpg?type=r480Fll","https://www.youtube.com/watch?v=1XbweOcmE-Q"
"여성",20,"윤하","사건의 지평선","YOUNHA 6th Album Repackage 'END THEORY : Final Edition'","https://musicmeta-phinf.pstatic.net/album/007/434/7434553.jpg?type=r480Fll","https://www.youtube.com/watch?v=BBdC1rl5sKY"
"여성",20,"스탠딩 에그(Standing Egg)","오래된 노래","오래된 노래","https://musicmeta-phinf.pstatic.net/album/000/329/329778.jpg?type=r480Fll","https://www.youtube.com/watch?v=bW3XExLBf7A"
"여성",20,"에일리(Ailee)","첫눈처럼 너에게 가겠다","도깨비 OST Part 9","https://musicmeta-phinf.pstatic.net/album/001/773/1773336.jpg?type=r480Fll","https://www.youtube.com/watch?v=6rS7OUGXUik"
"여성",20,"#안녕","너의 번호를 누르고 (Prod. 영화처럼)","너의 번호를 누르고","https://musicmeta-phinf.pstatic.net/album/003/591/3591278.jpg?type=r480Fll","https://www.youtube.com/watch?v=4OWRJ8Hnkz4"
"여성",20,"KCM","태양의 눈물","Love Affair","https://musicmeta-phinf.pstatic.net/album/000/037/37158.jpg?type=r480Fll","https://www.youtube.com/watch?v=QwdhBDTCqEI"
"여성",20,"KCM","클래식","Kingdom","https://musicmeta-phinf.pstatic.net/album/000/134/134659.jpg?type=r480Fll","https://www.youtube.com/watch?v=lkKo2ad7T6k"
"여성",20,"성시경","너의 모든 순간","별에서 온 그대 OST Part 7","https://musicmeta-phinf.pstatic.net/album/000/416/416823.jpg?type=r480Fll","https://www.youtube.com/watch?v=i2aRMXZR1k0"
"여성",20,"마크툽(Maktub), 구윤회","Marry Me","마크툽 프로젝트 Vol. 3","https://musicmeta-phinf.pstatic.net/album/000/442/442539.jpg?type=r480Fll","https://www.youtube.com/watch?v=--knPjoSlNE"
"여성",20,"주호","내가 아니라도","내가 아니라도","https://musicmeta-phinf.pstatic.net/album/007/425/7425722.jpg?type=r480Fll","https://www.youtube.com/watch?v=lAq9l8o6UXU"
"여성",20,"임영웅","사랑은 늘 도망가","신사와 아가씨 OST Part 2","https://musicmeta-phinf.pstatic.net/album/006/465/6465843.jpg?type=r480Fll","https://www.youtube.com/watch?v=LKQ-18LoFQk"
"여성",20,"이무진","신호등","신호등","https://musicmeta-phinf.pstatic.net/album/005/843/5843153.jpg?type=r480Fll","https://www.youtube.com/watch?v=SK6Sm2Ki9tI"
"여성",20,"정동하","추억은 만남보다 이별에 남아","추억은 만남보다 이별에 남아","https://musicmeta-phinf.pstatic.net/album/005/216/5216352.jpg?type=r480Fll","https://www.youtube.com/watch?v=16dCIXLMMi0"
"여성",20,"황인욱","포장마차","포장마차","https://musicmeta-phinf.pstatic.net/album/003/071/3071026.jpg?type=r480Fll","https://www.youtube.com/watch?v=g6uvXiLNrxM"
"여성",20,"izi","응급실","쾌걸춘향 OST","https://musicmeta-phinf.pstatic.net/album/000/030/30876.jpg?type=r480Fll","https://www.youtube.com/watch?v=0fzSq6Qc838"
"여성",30,"지수 (JISOO)","꽃","ME","https://musicmeta-phinf.pstatic.net/album/009/399/9399447.jpg?type=r480Fll","https://www.youtube.com/watch?v=YudHcBIxlYw"
"여성",30,"STAYC(스테이씨)","Teddy Bear","Teddy Bear","https://musicmeta-phinf.pstatic.net/album/045d36ff/2534/4a45/abd2/bb063fa6c5e3/8830640.jpg?type=r480Fll","https://www.youtube.com/watch?v=SxHmoifp0oQ"
"여성",30,"NewJeans","Hype boy","NewJeans 1st EP 'New Jeans'","https://musicmeta-phinf.pstatic.net/album/007/795/7795016.jpg?type=r480Fll","https://www.youtube.com/watch?v=11cta61wi0g"
"여성",30,"Zior Park","CHRISTIAN","WHERE DOES SASQUATCH LIVE? PART 1","https://musicmeta-phinf.pstatic.net/album/009/005/9005635.jpg?type=r480Fll","https://www.youtube.com/watch?v=Dqlr8EDunCM"
"여성",30,"이채연","KNOCK","Over The Moon","https://musicmeta-phinf.pstatic.net/album/009/449/9449661.jpg?type=r480Fll","https://www.youtube.com/watch?v=OM3rrr4Jzg4"
"여성",30,"Agust D","사람 Pt.2 (feat. 아이유)","D-DAY","https://musicmeta-phinf.pstatic.net/album/009/422/9422556.jpg?type=r480Fll","https://www.youtube.com/watch?v=uVD-YgzDzyY"
"여성",30,"Kygo, Oliver Nelson","Riding Shotgun (Ryan Riback Remix) (Feat. Bonnie McKee)","Kids in Love (Remixes)","https://musicmeta-phinf.pstatic.net/album/002/345/2345147.jpg?type=r480Fll","https://www.youtube.com/watch?v=bi8DS9pKyw8"
"여성",30,"BIG Naughty (서동현)","Vancouver","Lovey Dovey","https://musicmeta-phinf.pstatic.net/album/007/524/7524584.jpg?type=r480Fll","https://www.youtube.com/watch?v=jy8eGRwI9h8"
"여성",30,"Cash Cash","Love You Now (Feat. Georgia Ku)","Love You Now (Feat. Georgia Ku)","https://musicmeta-phinf.pstatic.net/album/005/035/5035329.jpg?type=r480Fll","https://www.youtube.com/watch?v=q06UpZEBlfY"
"여성",30,"LUCY","개화 (Flowering)","DEAR.","https://musicmeta-phinf.pstatic.net/album/004/556/4556683.jpg?type=r480Fll","https://www.youtube.com/watch?v=WQdFA55hT80"
"여성",30,"NMIXX","Love Me Like This","expergo","https://musicmeta-phinf.pstatic.net/album/009/286/9286430.jpg?type=r480Fll","https://www.youtube.com/watch?v=EDnwWcFpObo"
"여성",30,"Sasha Alex Sloan","Lie","Only Child","https://musicmeta-phinf.pstatic.net/album/005/037/5037656.jpg?type=r480Fll","https://www.youtube.com/watch?v=zDYSSM4scyM"
"여성",30,"Jasmine Thompson, Zedd","Funny (Stripped)","Funny (Stripped)","https://musicmeta-phinf.pstatic.net/album/004/811/4811704.jpg?type=r480Fll","https://www.youtube.com/watch?v=v6fVtaXfofc"
"여성",30,"부석순(SEVENTEEN)","파이팅 해야지 (Feat. 이영지)","부석순 1st Single Album 'SECOND WIND'","https://musicmeta-phinf.pstatic.net/album/008/835/8835837.jpg?type=r480Fll","https://www.youtube.com/watch?v=mBXBOLG06Wc"
"여성",30,"H1-KEY(하이키)","건물 사이에 피어난 장미 (Rose Blossom)","H1-KEY 1st Mini Album [Rose Blossom]","https://musicmeta-phinf.pstatic.net/album/4af96eaf/e3fa/4392/8089/de20655cfd7f/8659695.jpg?type=r480Fll","https://www.youtube.com/watch?v=vfUAckewh_8"
"여성",30,"IVE(아이브)","Kitsch","I've IVE","https://musicmeta-phinf.pstatic.net/album/009/334/9334427.jpg?type=r480Fll","https://www.youtube.com/watch?v=r6p5Avk3GG8"
"여성",30,"헤이즈 (Heize)","빙글빙글 (Prod. R.Tee)","빙글빙글","https://musicmeta-phinf.pstatic.net/album/009/415/9415045.jpg?type=r480Fll","https://www.youtube.com/watch?v=FanfDDjFyT8"
"여성",30,"에이핑크(Apink)","D N D","SELF","https://musicmeta-phinf.pstatic.net/album/009/415/9415297.jpg?type=r480Fll","https://www.youtube.com/watch?v=w8Rhc9WdDjk"
"여성",30,"윤하","사건의 지평선","YOUNHA 6th Album Repackage 'END THEORY : Final Edition'","https://musicmeta-phinf.pstatic.net/album/007/434/7434553.jpg?type=r480Fll","https://www.youtube.com/watch?v=BBdC1rl5sKY"
"여성",30,"지민","Like Crazy","FACE","https://musicmeta-phinf.pstatic.net/album/009/313/9313232.jpg?type=r480Fll","https://www.youtube.com/watch?v=HALG3Ty52mY"
"여성",30,"FIFTY FIFTY","Cupid","The Beginning: Cupid","https://musicmeta-phinf.pstatic.net/album/009/178/9178590.jpg?type=r480Fll","https://www.youtube.com/watch?v=Qc7_zRjH808"
"여성",30,"Charlie Puth","I Don't Think That I Like Her","CHARLIE","https://musicmeta-phinf.pstatic.net/album/006/958/6958691.jpg?type=r480Fll","https://www.youtube.com/watch?v=9voN0gkdlS4"
"여성",30,"캐치! 티니핑","열쇠티니핑송","알쏭달쏭 캐치! 티니핑 열쇠티니핑송","https://musicmeta-phinf.pstatic.net/album/e027df03/8e2f/48a8/be33/a649fec03ba3/9005514.jpg?type=r480Fll","https://www.youtube.com/watch?v=TqZgk2AQhk8"
"여성",30,"이기광","Predator","Predator","https://musicmeta-phinf.pstatic.net/album/009/487/9487922.jpg?type=r480Fll","https://www.youtube.com/watch?v=HgNpZL1XVs8"
"여성",30,"IVE(아이브)","I AM","I've IVE","https://musicmeta-phinf.pstatic.net/album/009/334/9334427.jpg?type=r480Fll","https://www.youtube.com/watch?v=6ZUIwj3FgUY"
"여성",30,"태양","나의 마음에 (Seed)","Down to Earth","https://musicmeta-phinf.pstatic.net/album/009/555/9555374.jpg?type=r480Fll","https://www.youtube.com/watch?v=hxZhLhAFV4U"
"여성",30,"샵","내 입술... 따뜻한 커피처럼","Flat Album","https://musicmeta-phinf.pstatic.net/album/000/002/2760.jpg?type=r480Fll","https://www.youtube.com/watch?v=4mDOG3PAjao"
"여성",30,"태양","VIBE (feat. Jimin of BTS)","VIBE (feat. Jimin of BTS)","https://musicmeta-phinf.pstatic.net/album/008/733/8733596.jpg?type=r480Fll","https://www.youtube.com/watch?v=cXCBiF67jLM"
"여성",30,"러브홀릭","Loveholic","Florist (플로리스트)","https://musicmeta-phinf.pstatic.net/album/000/002/2997.jpg?type=r480Fll","https://www.youtube.com/watch?v=meDRgBmiU2w"
"여성",30,"Kygo, Sandro Cavazza","Beautiful","Golden Hour","https://musicmeta-phinf.pstatic.net/album/004/498/4498621.jpg?type=r480Fll","https://www.youtube.com/watch?v=4IUNL6zzVZ8"
"여성",30,"팀","사랑합니다 (Special Edition) (슈퍼스타 K6 '송유빈' 참가곡)","사랑합니다","https://musicmeta-phinf.pstatic.net/album/000/311/311127.jpg?type=r480Fll","https://www.youtube.com/watch?v=4UowCrVHOv4"
"여성",30,"러브홀릭","Want You Hear","Invisible Things","https://musicmeta-phinf.pstatic.net/album/000/028/28201.jpg?type=r480Fll","https://www.youtube.com/watch?v=CXizWe150lw"
"여성",30,"Kygo, Oh Wonder","How Would I Know","Golden Hour","https://musicmeta-phinf.pstatic.net/album/004/498/4498621.jpg?type=r480Fll","https://www.youtube.com/watch?v=i5Pp_WSJ6AY"
"여성",30,"Zedd, Jasmine Thompson","Funny","Funny","https://musicmeta-phinf.pstatic.net/album/004/672/4672337.jpg?type=r480Fll","https://www.youtube.com/watch?v=xRYgGBocHNY"
"여성",30,"CHEEZE (치즈)","Madeleine Love","PLAIN","https://musicmeta-phinf.pstatic.net/album/000/539/539608.jpg?type=r480Fll","https://www.youtube.com/watch?v=EHTagN5HJKQ"
"여성",30,"DAY6(데이식스)","Zombie","The Book of Us : The Demon","https://musicmeta-phinf.pstatic.net/album/004/559/4559943.jpg?type=r480Fll","https://www.youtube.com/watch?v=k8gx-C7GCGU"
"여성",30,"Emma Stone, Callie Hernandez, Sonoya Mizuno, Jessica Rothe","Someone In The Crowd","La La Land - The Complete Musical Experience (Streaming Ver.)","https://musicmeta-phinf.pstatic.net/album/003/108/3108750.jpg?type=r480Fll","https://www.youtube.com/watch?v=-62YbRZqxjs"
"여성",30,"방탄소년단","Dynamite","Dynamite (DayTime Version)","https://musicmeta-phinf.pstatic.net/album/004/820/4820425.jpg?type=r480Fll","https://www.youtube.com/watch?v=gdZLi9oWNZg"
"여성",30,"장미여관","옥탑방","오빠는 잘 있단다","https://musicmeta-phinf.pstatic.net/album/000/620/620241.jpg?type=r480Fll","https://www.youtube.com/watch?v=55doGDN9xbk"
"여성",30,"윤상","날 위로하려거든","날 위로하려거든","https://musicmeta-phinf.pstatic.net/album/000/452/452654.jpg?type=r480Fll","https://www.youtube.com/watch?v=PN8l5KISn9E"
"여성",30,"국카스텐(Guckkasten)","Lost","Frame","https://musicmeta-phinf.pstatic.net/album/000/466/466231.jpg?type=r480Fll","https://www.youtube.com/watch?v=TlPXgw-qhWE"
"여성",30,"델리스파이스","Doxer","DRRRR !","https://musicmeta-phinf.pstatic.net/album/000/002/2723.jpg?type=r480Fll","https://www.youtube.com/watch?v=o8sRVjQnO9M"
"여성",30,"시와","화양연화","소요 (逍遙)","https://musicmeta-phinf.pstatic.net/album/000/169/169659.jpg?type=r480Fll","https://www.youtube.com/watch?v=MlkiznFoxdo"
"여성",30,"브로콜리너마저","살얼음","살얼음","https://musicmeta-phinf.pstatic.net/album/001/820/1820597.jpg?type=r480Fll","https://www.youtube.com/watch?v=ZhVUPgfxOMQ"
"여성",30,"박지윤","고백","나무가 되는 꿈","https://musicmeta-phinf.pstatic.net/album/000/313/313497.jpg?type=r480Fll","https://www.youtube.com/watch?v=pMaP1yje7dY"
"여성",30,"Zedd, Griff","Inside Out","Inside Out","https://musicmeta-phinf.pstatic.net/album/005/049/5049942.jpg?type=r480Fll","https://www.youtube.com/watch?v=ZTwXOn3qZBc"
"여성",30,"Klingande","Pumped Up","The Album","https://musicmeta-phinf.pstatic.net/album/008/241/8241353.jpg?type=r480Fll","https://www.youtube.com/watch?v=Mpbbvs1S1rg"
"여성",30,"Kris Kross","Jump","Totally Krossed Out","https://musicmeta-phinf.pstatic.net/album/006/881/6881345.jpg?type=r480Fll","https://www.youtube.com/watch?v=010KyIQjkTk"
"여성",30,"더 자두","김밥","3집 The Jadu","https://musicmeta-phinf.pstatic.net/album/000/003/3006.jpg?type=r480Fll","https://www.youtube.com/watch?v=Q5C3UK1BmDo"
"여성",30,"박혜경","Rain","Feel Me","https://musicmeta-phinf.pstatic.net/album/000/001/1631.jpg?type=r480Fll","https://www.youtube.com/watch?v=E0C-tN9QJ3Q"
"여성",30,"La La Land Cast","Another Day Of Sun","La La Land (Original Motion Picture Soundtrack)","https://musicmeta-phinf.pstatic.net/album/001/529/1529332.jpg?type=r480Fll","https://www.youtube.com/watch?v=CWnYIb2lqpo"
"여성",10,"주헌","FREEDOM","LIGHTS","https://musicmeta-phinf.pstatic.net/album/009/701/9701606.jpg?type=r480","https://www.youtube.com/watch?v=QJEolcMlap4"
"여성",30,"NewJeans","Ditto","NewJeans 'OMG'","https://musicmeta-phinf.pstatic.net/album/008/500/8500274.jpg?type=r480","https://www.youtube.com/watch?v=Km71Rr9K-Bw"
"여성",40,"박민혜","이 밤이 지나면","닥터 차정숙 OST Part 4","https://musicmeta-phinf.pstatic.net/album/009/650/9650492.jpg?type=r480","https://www.youtube.com/watch?v=T2wt-3Gd9QE"
"여성",50,"양준일","Beautiful ClubMix","Beautiful ClubMix","https://musicmeta-phinf.pstatic.net/album/009/376/9376040.jpg?type=r480","https://www.youtube.com/watch?v=Wc1f-6UiMcs"
"여성",10,"주헌","HYPE ENERGY","LIGHTS","https://musicmeta-phinf.pstatic.net/album/009/701/9701606.jpg?type=r480","https://www.youtube.com/watch?v=RGH4XszW9KM"
"여성",40,"루머스","스톰","추억의 가요 리믹스 2","https://musicmeta-phinf.pstatic.net/album/000/004/4091.jpg?type=r480Fll","https://www.youtube.com/watch?v=Q_0tLgdL974"
"여성",40,"새소년","파도","파도","https://musicmeta-phinf.pstatic.net/album/002/221/2221107.jpg?type=r480Fll","https://www.youtube.com/watch?v=HdkSpALG3A4"
"여성",40,"태연 (TAEYEON)","그대라는 시","호텔 델루나 OST Part 3","https://musicmeta-phinf.pstatic.net/album/003/128/3128245.jpg?type=r480Fll","https://www.youtube.com/watch?v=lIyvkOxRXng"
"여성",40,"볼빨간사춘기","나만, 봄","사춘기집Ⅰ 꽃기운","https://musicmeta-phinf.pstatic.net/album/002/979/2979649.jpg?type=r480Fll","https://www.youtube.com/watch?v=AsXxuIdpkWM"
"여성",40,"자우림","있지","자우림","https://musicmeta-phinf.pstatic.net/album/002/468/2468814.jpg?type=r480Fll","https://www.youtube.com/watch?v=a6dwchTCoAI"
"여성",40,"정은지","너의 밤은 어때 (취향저격 그녀 X 정은지)","너의 밤은 어때 (취향저격 그녀 X 정은지)","https://musicmeta-phinf.pstatic.net/album/004/969/4969158.jpg?type=r480Fll","https://www.youtube.com/watch?v=JicPLKaQHkQ"
"여성",40,"황치열","봄이라서 (One Spring Day)","Be Ordinary","https://musicmeta-phinf.pstatic.net/album/002/064/2064844.jpg?type=r480Fll","https://www.youtube.com/watch?v=lH2ko7GrMd0"
"여성",40,"코나","우리의 밤은 당신의 낮보다 아름답다","Overlap","https://musicmeta-phinf.pstatic.net/album/000/002/2135.jpg?type=r480Fll","https://www.youtube.com/watch?v=k1SLZbEKIb0"
"여성",40,"아이유(IU)","밤편지","밤편지","https://musicmeta-phinf.pstatic.net/album/001/855/1855408.jpg?type=r480Fll","https://www.youtube.com/watch?v=BzYnNdJhZQw"
"여성",40,"극동아시아타이거즈","오늘은 비가 와도 좋을 것 같아","오늘은 비 냄새가 나도 좋을 것 같지만","https://musicmeta-phinf.pstatic.net/album/004/672/4672588.jpg?type=r480Fll","https://www.youtube.com/watch?v=pC7tJjjBaiQ"
"여성",40,"방탄소년단","Butterfly","화양연화 pt.2","https://musicmeta-phinf.pstatic.net/album/000/601/601476.jpg?type=r480Fll","https://www.youtube.com/watch?v=XJZnkem1xss"
"여성",40,"방탄소년단","봄날","YOU NEVER WALK ALONE","https://musicmeta-phinf.pstatic.net/album/001/781/1781318.jpg?type=r480Fll","https://www.youtube.com/watch?v=xEeFrLSkMm8"
"여성",50,"정동원","아지랑이꽃","손편지","https://musicmeta-phinf.pstatic.net/album/007/512/7512050.jpg?type=r480Fll","https://www.youtube.com/watch?v=wif9bvsBpY0"
"여성",50,"정동원","영원 (Forever)","영원 (Forever)","https://musicmeta-phinf.pstatic.net/album/64dd25a3/abed/4021/a871/4c6dbb887f21/9038129.jpg?type=r480Fll","https://www.youtube.com/watch?v=RvnGjz9Z594"
"여성",50,"임영웅","손이 참 곱던 그대","IM HERO","https://musicmeta-phinf.pstatic.net/album/007/496/7496759.jpg?type=r480Fll","https://www.youtube.com/watch?v=OpZIaI-J0uk"
"여성",50,"김호중","그중에 그대를 만나","삼남매가 용감하게 OST Part 1","https://musicmeta-phinf.pstatic.net/album/008/095/8095634.jpg?type=r480Fll","https://www.youtube.com/watch?v=Re-na85d8l0"
"여성",50,"이찬원","밥 한 번 먹자","ONE","https://musicmeta-phinf.pstatic.net/album/638a3a0c/3f5f/44eb/bbd3/381c293b76d8/9045237.jpg?type=r480Fll","https://www.youtube.com/watch?v=vgM34wvJw8g"
"여성",50,"김호중","슬픈등","인생은 뷰티풀: 비타돌체","https://musicmeta-phinf.pstatic.net/album/008/003/8003729.jpg?type=r480Fll","https://www.youtube.com/watch?v=TAtEEITJT7g"
"여성",50,"이찬원","트위스트고고","ONE","https://musicmeta-phinf.pstatic.net/album/638a3a0c/3f5f/44eb/bbd3/381c293b76d8/9045237.jpg?type=r480Fll","https://www.youtube.com/watch?v=ZbgmbRmqKhg"
"여성",50,"김호중","나의 목소리로","나의 목소리로","https://musicmeta-phinf.pstatic.net/album/aaefc69a/ebb8/46a2/8b74/f79ba1f217b5/8105942.jpg?type=r480Fll","https://www.youtube.com/watch?v=poefI6LAmlY"
"여성",50,"에스페로, 김호중","Endless","Espero 1st, Romance on Classic","https://musicmeta-phinf.pstatic.net/album/ab8580b6/9656/4e96/a780/8e130ffd41c3/8520073.jpg?type=r480Fll","https://www.youtube.com/watch?v=sJFB7JBatHE"
"여성",50,"조정현","그대에게 쓰는 편지","세상에서","https://musicmeta-phinf.pstatic.net/album/000/001/1080.jpg?type=r480Fll","https://www.youtube.com/watch?v=UX14fdtpHOU"
"여성",50,"임영웅","Polaroid","Polaroid","https://musicmeta-phinf.pstatic.net/album/008/332/8332476.jpg?type=r480Fll","https://www.youtube.com/watch?v=I82pbW2y_cc"
"여성",50,"김호중, 송가인","당신을 만나","당신을 만나","https://musicmeta-phinf.pstatic.net/album/7a3e1f18/9be3/4604/ad60/5c9ebaed8cda/8746840.jpg?type=r480Fll","https://www.youtube.com/watch?v=8dVhvoXIA4w"
"여성",50,"조정현","그 아픔까지 사랑한거야","그 아픔까지 사랑한거야","https://musicmeta-phinf.pstatic.net/album/000/000/181.jpg?type=r480Fll","https://www.youtube.com/watch?v=rYqknGbEgV0"
"여성",50,"이찬원","바람 같은 사람","ONE","https://musicmeta-phinf.pstatic.net/album/638a3a0c/3f5f/44eb/bbd3/381c293b76d8/9045237.jpg?type=r480Fll","https://www.youtube.com/watch?v=CcFa6WPDnFQ"
"여성",50,"김연자","나는 울었네","1집 김연자 노래의 메아리","https://musicmeta-phinf.pstatic.net/album/000/082/82743.jpg?type=r480Fll","https://www.youtube.com/watch?v=TbCzlE9eDCM"
"여성",50,"김범룡","사랑의 진실","김범룡 2003","https://musicmeta-phinf.pstatic.net/album/000/001/1178.jpg?type=r480Fll","https://www.youtube.com/watch?v=PwUvcumfpIs"
"여성",50,"임재현","사랑에 연습이 있었다면 (Prod. 2soo)","사랑에 연습이 있었다면","https://musicmeta-phinf.pstatic.net/album/002/535/2535123.jpg?type=r480Fll","https://www.youtube.com/watch?v=T8XbVWBEMfw"
"여성",50,"조용필","청춘 시대","조용필 40th Live Concert - The History (Live)","https://musicmeta-phinf.pstatic.net/album/000/157/157585.jpg?type=r480Fll","https://www.youtube.com/watch?v=_EWOxoG9cls"
"여성",50,"이승환","너를 향한 마음","Always","https://musicmeta-phinf.pstatic.net/album/000/000/394.jpg?type=r480Fll","https://www.youtube.com/watch?v=26lw0_Z8oAA"
"여성",50,"박정수","그대 품에 잠들었으면 (New Ver.)","미우나 고우나 / 속눈썹","https://musicmeta-phinf.pstatic.net/album/000/310/310727.jpg?type=r480Fll","https://www.youtube.com/watch?v=ZvSoboE8zKg"
"여성",50,"신해철","슬픈 표정 하지 말아요","슬픈표정하지 말아요","https://musicmeta-phinf.pstatic.net/album/000/000/27.jpg?type=r480Fll","https://www.youtube.com/watch?v=Y_EJ0lDCaZw"
"여성",50,"김광석","먼지가 되어","Classic","https://musicmeta-phinf.pstatic.net/album/000/000/766.jpg?type=r480Fll","https://www.youtube.com/watch?v=nFXTf9PodCw"
"여성",50,"신승훈","내일이 오면","그후로 오랫동안","https://musicmeta-phinf.pstatic.net/album/000/000/80.jpg?type=r480Fll","https://www.youtube.com/watch?v=NOsbM0FHNLs"
"여성",50,"김광석","사랑했지만","김광석 다시부르기 1，2 (리마스터)","https://musicmeta-phinf.pstatic.net/album/000/041/41171.jpg?type=r480Fll","https://www.youtube.com/watch?v=KO8nXzCMoOE"
"여성",50,"이문세","사랑은 늘 도망가","욕망의 불꽃 OST Vol.1","https://musicmeta-phinf.pstatic.net/album/000/181/181118.jpg?type=r480Fll","https://www.youtube.com/watch?v=WdW3ye8auYs"
"여성",50,"김완선","삐에로는 우릴보고 웃지","삐에로는 우릴 보고 웃지","https://musicmeta-phinf.pstatic.net/album/000/001/1573.jpg?type=r480Fll","https://www.youtube.com/watch?v=vwNrL6LSEWY"
"여성",50,"박정운","오늘 같은 밤이면","Live & Single","https://musicmeta-phinf.pstatic.net/album/000/000/281.jpg?type=r480Fll","https://www.youtube.com/watch?v=1fiGVZAHJXE"
"여성",50,"임영웅","London Boy","Polaroid","https://musicmeta-phinf.pstatic.net/album/008/332/8332476.jpg?type=r480Fll","https://www.youtube.com/watch?v=TMfvkhkALbU"
"여성",50,"인순이","밤이면 밤마다","골든앨범","https://musicmeta-phinf.pstatic.net/album/000/542/542897.jpg?type=r480Fll","https://www.youtube.com/watch?v=RvfiuLlSJEI"
"여성",50,"인순이","아버지","인순이","https://musicmeta-phinf.pstatic.net/album/000/156/156339.jpg?type=r480Fll","https://www.youtube.com/watch?v=Zpm2Xdnmf8E"
"여성",50,"소찬휘","현명한 선택","Then To Now","https://musicmeta-phinf.pstatic.net/album/000/001/1403.jpg?type=r480Fll","https://www.youtube.com/watch?v=0VCHxbYWjmM"
"여성",50,"신승훈","미소속에 비친 그대","미소속에 비친 그대","https://musicmeta-phinf.pstatic.net/album/000/000/102.jpg?type=r480Fll","https://www.youtube.com/watch?v=-EYdvz0HZC4"
"여성",50,"김민종","착한 사랑","愛 (애)","https://musicmeta-phinf.pstatic.net/album/000/000/87.jpg?type=r480Fll","https://www.youtube.com/watch?v=Z8W0VPTgg3Q"
"여성",50,"이승철","그런 사람 또 없습니다","10th Mutopia - 사랑 참 어렵다","https://musicmeta-phinf.pstatic.net/album/000/161/161710.jpg?type=r480Fll","https://www.youtube.com/watch?v=aT_qcT69vug"
"여성",50,"박상철","무조건","무조건","https://musicmeta-phinf.pstatic.net/album/000/032/32099.jpg?type=r480Fll","https://www.youtube.com/watch?v=hhmYe6EEc5M"
"여성",50,"박미경","이유같지 않은 이유","이유같지 않은 이유","https://musicmeta-phinf.pstatic.net/album/000/001/1500.jpg?type=r480Fll","https://www.youtube.com/watch?v=RVtL9pLRmk4"
"여성",50,"윤상","가려진 시간 사이로","PART I","https://musicmeta-phinf.pstatic.net/album/000/000/481.jpg?type=r480Fll","https://www.youtube.com/watch?v=_2Ww-2Nd3sU"
"여성",50,"박미경","이브의 경고","Jungle New Style","https://musicmeta-phinf.pstatic.net/album/000/001/1498.jpg?type=r480Fll","https://www.youtube.com/watch?v=IsvhRu0Jo7I"
"여성",50,"이승철","서쪽 하늘","청연 OST (靑燕 Blue Swallow)","https://musicmeta-phinf.pstatic.net/album/000/035/35875.jpg?type=r480Fll","https://www.youtube.com/watch?v=R05FtOb5Hz8"
"여성",50,"전영록","사랑은 연필로 쓰세요","'83 사랑은 연필로 쓰세요","https://musicmeta-phinf.pstatic.net/album/000/027/27501.jpg?type=r480Fll","https://www.youtube.com/watch?v=HFaO3rCHsgc"
"여성",50,"전영록","저녁놀","'88 추억","https://musicmeta-phinf.pstatic.net/album/000/063/63261.jpg?type=r480Fll","https://www.youtube.com/watch?v=pY0FxkUmO5U"
"여성",50,"조용필","이젠 그랬으면 좋겠네","추억속의 재회","https://musicmeta-phinf.pstatic.net/album/000/000/528.jpg?type=r480Fll","https://www.youtube.com/watch?v=CFWbZg14rKw"
"여성",50,"푸른하늘","눈물나는 날에는","2집 푸른하늘","https://musicmeta-phinf.pstatic.net/album/000/002/2129.jpg?type=r480Fll","https://www.youtube.com/watch?v=m9Wc39NWqf8"
"여성",50,"박미경","기억속의 먼 그대에게","아담의 심리","https://musicmeta-phinf.pstatic.net/album/000/001/1499.jpg?type=r480Fll","https://www.youtube.com/watch?v=zce8_LaIz1w"
"여성",50,"인순이","거위의 꿈","거위의 꿈","https://musicmeta-phinf.pstatic.net/album/000/045/45164.jpg?type=r480Fll","https://www.youtube.com/watch?v=e-WOXDNRef0"
"여성",50,"이소라","나를 사랑하지 않는 그대에게","SoRa's 5 Diary","https://musicmeta-phinf.pstatic.net/album/000/001/1681.jpg?type=r480Fll","https://www.youtube.com/watch?v=kiN7mOeUOFE"
"여성",50,"이소라","제발","꽃","https://musicmeta-phinf.pstatic.net/album/000/001/1506.jpg?type=r480Fll","https://www.youtube.com/watch?v=seeZ4Sjykt8"
"여성",50,"윤종신","좋니","LISTEN 010 좋니","https://musicmeta-phinf.pstatic.net/album/002/067/2067347.jpg?type=r480Fll","https://www.youtube.com/watch?v=jy_UiIQn_d0"
"여성",50,"이승환","천일동안","Human","https://musicmeta-phinf.pstatic.net/album/000/000/273.jpg?type=r480Fll","https://www.youtube.com/watch?v=Dg5ScijAiTU"
"여성",50,"이승환","어떻게 사랑이 그래요","Hwantastic","https://musicmeta-phinf.pstatic.net/album/000/042/42220.jpg?type=r480Fll","https://www.youtube.com/watch?v=aTHjlRJr-xQ"
"여성",50,"송창식","고래사냥","송창식 골든 제2집","https://musicmeta-phinf.pstatic.net/album/000/003/3424.jpg?type=r480Fll","https://www.youtube.com/watch?v=P3hJ217vyOU"
"여성",50,"송창식","우리는","송창식 골든 제3집","https://musicmeta-phinf.pstatic.net/album/000/003/3423.jpg?type=r480Fll","https://www.youtube.com/watch?v=YzcLM1f3_qU"
"여성",50,"양수경","바라 볼 수 없는 그대","떠나는 마음","https://musicmeta-phinf.pstatic.net/album/000/120/120728.jpg?type=r480Fll","https://www.youtube.com/watch?v=jH3duLuccQo"
"여성",50,"양수경","사랑은 창밖에 빗물 같아요","떠나는 마음","https://musicmeta-phinf.pstatic.net/album/000/120/120728.jpg?type=r480Fll","https://www.youtube.com/watch?v=nCpdJtrd4UM"
"여성",50,"박상민","해바라기 (그녀에게..)","Sunflower","https://musicmeta-phinf.pstatic.net/album/000/001/1221.jpg?type=r480Fll","https://www.youtube.com/watch?v=XGyYRrCU5cI"
"여성",50,"양수경","이별의 끝은 어디인가요","이별의 끝은 어디인가요","https://musicmeta-phinf.pstatic.net/album/000/063/63106.jpg?type=r480Fll","https://www.youtube.com/watch?v=3BiYnvOK0e4"
"여성",50,"오승근","내 나이가 어때서","내 나이가 어때서","https://musicmeta-phinf.pstatic.net/album/000/326/326367.jpg?type=r480Fll","https://www.youtube.com/watch?v=dzOrxttyK-E"
"여성",50,"이은미","애인 있어요","Ma Non Tanto","https://musicmeta-phinf.pstatic.net/album/000/035/35120.jpg?type=r480Fll","https://www.youtube.com/watch?v=PRHkIH3zEO4"
"여성",10,"ENHYPEN","Bite Me","DARK BLOOD","https://musicmeta-phinf.pstatic.net/album/009/701/9701616.jpg?type=r480","https://www.youtube.com/watch?v=wXFLzODIdUI"
"여성",20,"장혜진","그날 밤","그날 밤","https://musicmeta-phinf.pstatic.net/album/009/647/9647644.jpg?type=r480","https://www.youtube.com/watch?v=6seoP9YjJLw"
"여성",20,"(여자)아이들","Allergy","I feel","https://musicmeta-phinf.pstatic.net/album/009/637/9637036.jpg?type=r480","https://www.youtube.com/watch?v=XZaBkbvteBc"
"여성",40,"새봄(Saevom)","그댄 아나요 (With 빌리어코스티)","나의 작은 너에게","https://musicmeta-phinf.pstatic.net/album/008/658/8658005.jpg?type=r480","https://www.youtube.com/watch?v=AmsoFBalGBE"
"여성",40,"Kei(케이)","연가(戀歌)","구미호뎐 1938 OST Part 2","https://musicmeta-phinf.pstatic.net/album/009/647/9647637.jpg?type=r480","https://www.youtube.com/watch?v=aej_hqSG-fQ"
"여성",50,"정동원","진짜 사나이","사내[MAN]","https://musicmeta-phinf.pstatic.net/album/008/414/8414796.jpg?type=r480","https://www.youtube.com/watch?v=eOAVttpXIpo"
"여성",50,"임영웅","연애편지","IM HERO","https://musicmeta-phinf.pstatic.net/album/007/496/7496759.jpg?type=r480","https://www.youtube.com/watch?v=P2FcQvCbDWg"
"여성",20,"박재범","Candy (Feat. Zion.T)","Candy","https://musicmeta-phinf.pstatic.net/album/009/701/9701772.jpg?type=r480","https://www.youtube.com/watch?v=KeaYXhNf8oM"
"여성",20,"이홍기(FT아일랜드)","한사람만 (2023) (여름날 우리 X 이홍기 (FT아일랜드))","한사람만 (2023) (여름날 우리 X 이홍기 (FT아일랜드))","https://musicmeta-phinf.pstatic.net/album/009/691/9691532.jpg?type=r480","https://www.youtube.com/watch?v=HvDhoKRegq0"
"여성",20,"다니엘(DANIELLE)","저곳으로 (영화 인어공주 한국어 OST)","저곳으로 (영화 인어공주 한국어 OST)","https://musicmeta-phinf.pstatic.net/album/009/689/9689218.jpg?type=r480","https://www.youtube.com/watch?v=O4bzu8Ec9Us"
"여성",30,"박재범","Candy (Feat. Zion.T)","Candy","https://musicmeta-phinf.pstatic.net/album/009/701/9701772.jpg?type=r480","https://www.youtube.com/watch?v=KeaYXhNf8oM"
"여성",30,"미주 (MIJOO)","Movie Star","Movie Star","https://musicmeta-phinf.pstatic.net/album/009/689/9689844.jpg?type=r480","https://www.youtube.com/watch?v=iSUSSjw3RVc"
"여성",50,"정동원, 베이식(Basick)","Alright","구필수는 없다 OST Part 10","https://musicmeta-phinf.pstatic.net/album/007/616/7616238.jpg?type=r480","https://www.youtube.com/watch?v=cFi1jWjfKuM"
"여성",30,"(여자)아이들","퀸카 (Queencard)","I feel","https://musicmeta-phinf.pstatic.net/album/009/637/9637036.jpg?type=r480","https://www.youtube.com/watch?v=7HDeem-JaSY"
"여성",30,"던(DAWN)","빛이 나는 너에게","빛이 나는 너에게","https://musicmeta-phinf.pstatic.net/album/009/481/9481315.jpg?type=r480","https://www.youtube.com/watch?v=yyrKLHNCbq0"
"여성",40,"FIFTY FIFTY","Cupid","The Beginning: Cupid","https://musicmeta-phinf.pstatic.net/album/009/178/9178590.jpg?type=r480","https://www.youtube.com/watch?v=Qc7_zRjH808"
"여성",10,"(여자)아이들","퀸카 (Queencard)","I feel","https://musicmeta-phinf.pstatic.net/album/009/637/9637036.jpg?type=r480","https://www.youtube.com/watch?v=7HDeem-JaSY"
"여성",10,"LE SSERAFIM (르세라핌)","UNFORGIVEN (feat. Nile Rodgers)","UNFORGIVEN","https://musicmeta-phinf.pstatic.net/album/009/615/9615768.jpg?type=r480","https://www.youtube.com/watch?v=Ki5zhg4lUNk"
"여성",10,"aespa","Welcome To MY World (Feat. nævis)","MY WORLD - The 3rd Mini Album","https://musicmeta-phinf.pstatic.net/album/009/620/9620172.jpg?type=r480","https://www.youtube.com/watch?v=0xdB_vo4r2c"
"여성",10,"10CM","부동의 첫사랑","5.4 [부동의 첫사랑]","https://musicmeta-phinf.pstatic.net/album/009/653/9653696.jpg?type=r480","https://www.youtube.com/watch?v=6iZyquKcpzg"
"여성",10,"비투비","나의 바람 (Wind And Wish)","WIND AND WISH","https://musicmeta-phinf.pstatic.net/album/009/619/9619956.jpg?type=r480","https://www.youtube.com/watch?v=zXOoza3sxiw"
"여성",10,"(여자)아이들","Allergy","I feel","https://musicmeta-phinf.pstatic.net/album/009/637/9637036.jpg?type=r480","https://www.youtube.com/watch?v=XZaBkbvteBc"
"여성",10,"장혜진","그날 밤","그날 밤","https://musicmeta-phinf.pstatic.net/album/009/647/9647644.jpg?type=r480","https://www.youtube.com/watch?v=6seoP9YjJLw"
"여성",20,"(여자)아이들","퀸카 (Queencard)","I feel","https://musicmeta-phinf.pstatic.net/album/009/637/9637036.jpg?type=r480","https://www.youtube.com/watch?v=7HDeem-JaSY"
"여성",20,"LE SSERAFIM (르세라핌)","UNFORGIVEN (feat. Nile Rodgers)","UNFORGIVEN","https://musicmeta-phinf.pstatic.net/album/009/615/9615768.jpg?type=r480","https://www.youtube.com/watch?v=Ki5zhg4lUNk"
"여성",20,"비투비","나의 바람 (Wind And Wish)","WIND AND WISH","https://musicmeta-phinf.pstatic.net/album/009/619/9619956.jpg?type=r480","https://www.youtube.com/watch?v=zXOoza3sxiw"
"여성",20,"aespa","Welcome To MY World (Feat. nævis)","MY WORLD - The 3rd Mini Album","https://musicmeta-phinf.pstatic.net/album/009/620/9620172.jpg?type=r480","https://www.youtube.com/watch?v=0xdB_vo4r2c"
"여성",20,"지아","사랑..그게 뭔데","사랑..그게 뭔데","https://musicmeta-phinf.pstatic.net/album/009/647/9647590.jpg?type=r480","https://www.youtube.com/watch?v=RSUVB6jJFDA"
"여성",30,"LE SSERAFIM (르세라핌)","UNFORGIVEN (feat. Nile Rodgers)","UNFORGIVEN","https://musicmeta-phinf.pstatic.net/album/009/615/9615768.jpg?type=r480","https://www.youtube.com/watch?v=Ki5zhg4lUNk"
"여성",30,"세븐틴 (SEVENTEEN)","손오공","SEVENTEEN 10th Mini Album 'FML'","https://musicmeta-phinf.pstatic.net/album/009/554/9554326.jpg?type=r480","https://www.youtube.com/watch?v=-GQg25oP0S4"
"여성",30,"주주 시크릿","밤이 무서워요 (Lonely Night)","밤이 무서워요 (Lonely Night)","https://musicmeta-phinf.pstatic.net/album/009/329/9329937.jpg?type=r480","https://www.youtube.com/watch?v=l8xsaUjjGrM"
"여성",30,"비투비","나의 바람 (Wind And Wish)","WIND AND WISH","https://musicmeta-phinf.pstatic.net/album/009/619/9619956.jpg?type=r480","https://www.youtube.com/watch?v=zXOoza3sxiw"
"여성",30,"방탄소년단","The Planet","The Planet","https://musicmeta-phinf.pstatic.net/album/009/650/9650417.jpg?type=r480","https://www.youtube.com/watch?v=zILwINVHWXE"
"여성",40,"IVE(아이브)","I AM","I've IVE","https://musicmeta-phinf.pstatic.net/album/009/334/9334427.jpg?type=r480","https://www.youtube.com/watch?v=6ZUIwj3FgUY"
"여성",40,"방탄소년단","The Planet","The Planet","https://musicmeta-phinf.pstatic.net/album/009/650/9650417.jpg?type=r480","https://www.youtube.com/watch?v=zILwINVHWXE"
"여성",40,"김동률","황금가면","황금가면","https://musicmeta-phinf.pstatic.net/album/009/642/9642461.jpg?type=r480","https://www.youtube.com/watch?v=eKZf0nDPkok"
"여성",40,"이무진","잠깐 시간 될까","잠깐 시간 될까","https://musicmeta-phinf.pstatic.net/album/009/636/9636543.jpg?type=r480","https://www.youtube.com/watch?v=aShjZO9sue0"
"여성",50,"이찬원","사나이 청춘","ONE","https://musicmeta-phinf.pstatic.net/album/638a3a0c/3f5f/44eb/bbd3/381c293b76d8/9045237.jpg?type=r480","https://www.youtube.com/watch?v=cp3gXSWTR0A"
"여성",50,"이승윤","꿈의 거처","꿈의 거처","https://musicmeta-phinf.pstatic.net/album/49adbf77/31c3/4418/bf4a/e6f84cc63b04/8754516.jpg?type=r480","https://www.youtube.com/watch?v=yDg3Lth8uQ8"
"여성",50,"이찬원","오.내.언.사","ONE","https://musicmeta-phinf.pstatic.net/album/638a3a0c/3f5f/44eb/bbd3/381c293b76d8/9045237.jpg?type=r480","https://www.youtube.com/watch?v=nuHJPZuzuCE"
"여성",50,"김호중","인생은 뷰티풀","인생은 뷰티풀: 비타돌체","https://musicmeta-phinf.pstatic.net/album/008/003/8003729.jpg?type=r480","https://www.youtube.com/watch?v=P24AvrKJWAY"
"여성",50,"임영웅","사랑은 늘 도망가","신사와 아가씨 OST Part 2","https://musicmeta-phinf.pstatic.net/album/006/465/6465843.jpg?type=r480","https://www.youtube.com/watch?v=LKQ-18LoFQk"
"여성",20,"10CM","부동의 첫사랑","5.4 [부동의 첫사랑]","https://musicmeta-phinf.pstatic.net/album/009/653/9653696.jpg?type=r480","https://www.youtube.com/watch?v=6iZyquKcpzg"
"여성",20,"규현(KYUHYUN), 정은지","우리 사랑 이대로 (여름날 우리 X 규현 (KYUHYUN), 정은지)","우리 사랑 이대로 (여름날 우리 X 규현 (KYUHYUN), 정은지)","https://musicmeta-phinf.pstatic.net/album/009/689/9689058.jpg?type=r480","https://www.youtube.com/watch?v=nrDkKYxpDRA"
"여성",40,"지민","Angel Pt. 1 (Feat. Jimin of BTS, JVKE & Muni Long / FAST X Soundtrack)","Angel Pt. 1 (Feat. Jimin of BTS, JVKE & Muni Long / FAST X Soundtrack)","https://musicmeta-phinf.pstatic.net/album/009/696/9696133.jpg?type=r480","https://www.youtube.com/watch?v=jp0kTw1TCy0"
"여성",40,"태양","나의 마음에 (Seed)","Down to Earth","https://musicmeta-phinf.pstatic.net/album/009/555/9555374.jpg?type=r480","https://www.youtube.com/watch?v=U7xTAflCqCI"
"여성",50,"영탁","니편이야","니편이야","https://musicmeta-phinf.pstatic.net/album/009/698/9698571.jpg?type=r480","https://www.youtube.com/watch?v=fc-lKLdZf1Q"
"여성",50,"정동원","잘생기면 다 오빠","사내[MAN]","https://musicmeta-phinf.pstatic.net/album/008/414/8414796.jpg?type=r480","https://www.youtube.com/watch?v=oG6CqklLUg8"
