순위,곡명,아티스트,앨범,앨범이미지
1,사건의 지평선,윤하 (YOUNHA),YOUNHA 6th Album Repackage 'END THEORY : Final Edition',https://cdnimg.melon.co.kr/cm2/album/images/109/03/868/10903868_20220330103544_500.jpg?e89c53bde5d39b21b09e8007db5b9cc0/melon/resize/282/quality/80/optimize
2,심(心),DK(디셈버),심(心),https://cdnimg.melon.co.kr/cm2/album/images/111/80/278/11180278_20230217160723_500.jpg?152d12ba5fed6c37241530c1c0660e36/melon/resize/282/quality/80/optimize
3,CHRISTIAN,Zior Park,WHERE DOES SASQUATCH LIVE? PART 1,https://cdnimg.melon.co.kr/cm2/album/images/111/75/689/11175689_20230214163916_500.jpg?804f1485b012087a49b4cd5f288b215f/melon/resize/282/quality/80/optimize
4,TOMBOY,(여자)아이들,I NEVER DIE,https://cdnimg.melon.co.kr/cm2/album/images/108/90/384/10890384_20220314111504_500.jpg?4b9dba7aeba43a4e0042eedb6b9865c1/melon/resize/282/quality/80/optimize
5,오르트구름,윤하 (YOUNHA),YOUNHA 6th Album 'END THEORY',https://cdnimg.melon.co.kr/cm2/album/images/107/78/556/10778556_20211116105621_500.jpg?7388a25c12a4273eb8820ddc7d7a4648/melon/resize/282/quality/80/optimize
6,벚꽃 엔딩,버스커 버스커,버스커 버스커 1집,https://cdnimg.melon.co.kr/cm/album/images/020/97/226/2097226_500.jpg/melon/resize/282/quality/80/optimize
7,London Boy,임영웅,Polaroid,https://cdnimg.melon.co.kr/cm2/album/images/111/02/375/11102375_20221115101140_500.jpg?75ac9d42dad4c9bee0a91ba960df1770/melon/resize/282/quality/80/optimize
8,Polaroid,임영웅,Polaroid,https://cdnimg.melon.co.kr/cm2/album/images/111/02/375/11102375_20221115101140_500.jpg?75ac9d42dad4c9bee0a91ba960df1770/melon/resize/282/quality/80/optimize
9,봄여름가을겨울 (Still Life),BIGBANG (빅뱅),봄여름가을겨울 (Still Life),https://cdnimg.melon.co.kr/cm2/album/images/109/08/834/10908834_20220404174407_500.jpg?3b0d20a04b395a89bdade1b70a5dd46d/melon/resize/282/quality/80/optimize
10,무지개,임영웅,IM HERO,https://cdnimg.melon.co.kr/cm2/album/images/109/23/444/10923444_20220502140600_500.jpg?5bd42dcc031a23cd1cae99ae37a606aa/melon/resize/282/quality/80/optimize
11,주저하는 연인들을 위해,잔나비,전설,https://cdnimg.melon.co.kr/cm/album/images/102/60/858/10260858_500.jpg?02df39ed806cd5e224ae1be4ab9417dd/melon/resize/282/quality/80/optimize
12,흔들리는 꽃들 속에서 네 샴푸향이 느껴진거야,장범준,멜로가 체질 OST Part 3,https://cdnimg.melon.co.kr/cm2/album/images/103/20/500/10320500_500.jpg?415f9d7d32c2914d632a56cd402ccd62/melon/resize/282/sharpen/0x1
13,Blueming,아이유,Love poem,https://cdnimg.melon.co.kr/cm2/album/images/103/46/650/10346650_500.jpg?14a08050b8c6adc879b6e0cf587d456a/melon/resize/282/quality/80/optimize
14,한 페이지가 될 수 있게,DAY6 (데이식스),The Book of Us : Gravity,https://cdnimg.melon.co.kr/cm/album/images/103/07/346/10307346_500.jpg?84c9c2f6f52301ab6327b78cf41efe82/melon/resize/282/quality/80/optimize
15,신호등,이무진,신호등,https://cdnimg.melon.co.kr/cm2/album/images/106/07/796/10607796_20210513201807_500.jpg?cb1d50410b364ec4c2a4848adbf5eb68/melon/resize/282/quality/80/optimize
16,예뻤어,DAY6 (데이식스),Every DAY6 February,https://cdnimg.melon.co.kr/cm/album/images/100/36/099/10036099_500.jpg?7374810860bfc17f2a70dc7a39124ead/melon/resize/282/quality/80/optimize
17,strawberry moon,아이유,strawberry moon,https://cdnimg.melon.co.kr/cm2/album/images/107/43/453/10743453_20211018165252_500.jpg?4a230414088a35eeff232020daf65806/melon/resize/282/quality/80/optimize
18,비와 당신,이무진,슬기로운 의사생활 시즌2 OST Part 1,https://cdnimg.melon.co.kr/cm2/album/images/106/31/122/10631122_20210617142653_500.jpg?7260f9688f6bf5c4840b0ce0caa66e8f/melon/resize/282/quality/80/optimize
19,"스물다섯, 스물하나",자우림,"Goodbye, grief.",https://cdnimg.melon.co.kr/cm/album/images/022/10/557/2210557_500.jpg/melon/resize/282/quality/80/optimize
20,꽃송이가,버스커 버스커,버스커 버스커 1집,https://cdnimg.melon.co.kr/cm/album/images/020/97/226/2097226_500.jpg/melon/resize/282/quality/80/optimize
21,에잇(Prod.&Feat. SUGA of BTS),아이유,에잇,https://cdnimg.melon.co.kr/cm2/album/images/104/26/648/10426648_20200506153340_500.jpg?0ed92b652a9149e26387233529a32781/melon/resize/282/quality/80/optimize
22,널 떠올리는 중이야,PATEKO (파테코),어서와요 키카코 하우스,https://cdnimg.melon.co.kr/cm2/album/images/106/61/149/10661149_20210723152034_500.jpg?961684a9b904ad87b162d04c5052fd53/melon/resize/282/quality/80/optimize
23,여행,볼빨간사춘기,Red Diary Page.2,https://cdnimg.melon.co.kr/cm/album/images/101/70/069/10170069_500.jpg?107db514a95bc76cca29db1d2678921b/melon/resize/282/quality/80/optimize
24,기억을 걷는 시간,넬 (NELL),멀어지다,https://cdnimg.melon.co.kr/cm/album/images/003/82/579/382579_500.jpg/melon/resize/282/quality/80/optimize
25,사랑했나봐,윤도현,Difference,https://cdnimg.melon.co.kr/cm/album/images/003/01/886/301886_500.jpg/melon/resize/282/quality/80/optimize
26,사랑하긴 했었나요 스쳐가는 인연이었나요 짧지않은 우리 함께했던 시간들이 자꾸 내 마음을 가둬두네,잔나비,봉춤을 추네,https://cdnimg.melon.co.kr/cm/album/images/022/78/294/2278294_500.jpg?5ba55ff6c6870d99d8d599d85d14cd7f/melon/resize/282/quality/80/optimize
27,No Celestial,LE SSERAFIM (르세라핌),ANTIFRAGILE,https://cdnimg.melon.co.kr/cm2/album/images/110/78/496/11078496_20221014153848_500.jpg?90c93d5c7f38394169a4c5c70683eb0b/melon/resize/282/quality/80/optimize
28,시작,가호 (Gaho),이태원 클라쓰 OST Part.2,https://cdnimg.melon.co.kr/cm2/album/images/103/81/712/10381712_20200131110358_500.jpg?336dfd739d81da76bc98410f2ddc1069/melon/resize/282/quality/80/optimize
29,뜨거운 여름밤은 가고 남은 건 볼품없지만,잔나비,MONKEY HOTEL,https://cdnimg.melon.co.kr/cm/album/images/027/02/242/2702242_500.jpg/melon/resize/282/quality/80/optimize
30,Endless,허각,Endless,https://cdnimg.melon.co.kr/cm2/album/images/111/70/159/11170159_20230208170059_500.jpg?567c158ea07206fba940eb69b076a68f/melon/resize/282/quality/80/optimize
31,안아줘,정준일,Lo9ve3r4s,https://cdnimg.melon.co.kr/cm/album/images/020/38/488/2038488_500.jpg/melon/resize/282/quality/80/optimize
32,Monologue,버즈,Morning Of Buzz,https://cdnimg.melon.co.kr/cm2/album/images/000/32/889/32889_20220615123143_500.jpg?e5f7110efc6c3ac5d77057eb53a34d10/melon/resize/282/quality/80/optimize
33,Love poem,아이유,Love poem,https://cdnimg.melon.co.kr/cm2/album/images/103/46/650/10346650_500.jpg?14a08050b8c6adc879b6e0cf587d456a/melon/resize/282/quality/80/optimize
34,Drive,미연 ((여자)아이들),MY,https://cdnimg.melon.co.kr/cm2/album/images/109/34/550/10934550_20220427101559_500.jpg?421c3c71d8fc30d02b28360659be4384/melon/resize/282/quality/80/optimize
35,낙하 (with 아이유),AKMU (악뮤),NEXT EPISODE,https://cdnimg.melon.co.kr/cm2/album/images/106/61/658/10661658_20210726111159_500.jpg?a937828fb23cb2663ea6063523e14fc3/melon/resize/282/quality/80/optimize
36,남자를 몰라,버즈,Perfect,https://cdnimg.melon.co.kr/cm/album/images/003/17/113/317113_500.jpg/melon/resize/282/quality/80/optimize
37,옥탑방 (Rooftop),엔플라잉 (N.Flying),FLY HIGH PROJECT #2 '옥탑방',https://cdnimg.melon.co.kr/cm/album/images/102/38/711/10238711_500.jpg?7cbf13fddf277329634c9a42af6e85ce/melon/resize/282/quality/80/optimize
38,사랑의 바보,더 넛츠 (The NuTs),The Nuts,https://cdnimg.melon.co.kr/cm/album/images/000/35/269/35269_500.jpg/melon/resize/282/quality/80/optimize
39,EVERYTHING,검정치마,EVERYTHING,https://cdnimg.melon.co.kr/cm/album/images/026/64/662/2664662_500.jpg/melon/resize/282/quality/80/optimize
40,가을밤에 든 생각,잔나비,잔나비 소곡집 l,https://cdnimg.melon.co.kr/cm2/album/images/105/14/407/10514407_20201105153840_500.jpg?edd1e1d7425c561082141ef3b32b7de5/melon/resize/282/quality/80/optimize
41,가시,버즈,Buzz Effect,https://cdnimg.melon.co.kr/cm2/album/images/003/00/646/300646_20230306155609_500.jpg?fd4a2cf833b8c2db3192613021e50adb/melon/resize/282/quality/80/optimize
42,비밀번호 486,윤하 (YOUNHA),고백하기 좋은 날,https://cdnimg.melon.co.kr/cm/album/images/003/47/264/347264_500.jpg/melon/resize/282/quality/80/optimize
43,해,장기하,해 / 할건지말건지,https://cdnimg.melon.co.kr/cm2/album/images/112/17/916/11217916_20230405112618_500.jpg?f749525aa3acd33f9caac77d79b2ab41/melon/resize/282/quality/80/optimize
44,봄 to 러브,10CM,우리들의 블루스 OST Part 3,https://cdnimg.melon.co.kr/cm2/album/images/109/29/204/10929204_20220422113644_500.jpg?2395e433b8760c47e03970ecfefe7e66/melon/resize/282/quality/80/optimize
45,I (Feat. 버벌진트),태연 (TAEYEON),I - The 1st Mini Album,https://cdnimg.melon.co.kr/cm/album/images/026/43/740/2643740_500.jpg?26fc044c690bb32c6be189b58bbdb0f8/melon/resize/282/quality/80/optimize
46,네버랜드를 떠나며,투모로우바이투게더,이름의 장: TEMPTATION,https://cdnimg.melon.co.kr/cm2/album/images/111/58/153/11158153_20230126154403_500.jpg?2ad0d166efc7082a8e640d2fa2d45d9f/melon/resize/282/quality/80/optimize
47,사랑앓이,FTISLAND (FT아일랜드),Cheerful Sensibility,https://cdnimg.melon.co.kr/cm/album/images/003/52/436/352436_500.jpg/melon/resize/282/quality/80/optimize
48,와스레나이 (Prod By D-Hack),다나카(TANAKA),와스레나이 (Prod By D-Hack),https://cdnimg.melon.co.kr/cm2/album/images/111/05/470/11105470_20221118023831_500.jpg?f5451589db39d5ec4d17f5291c06566f/melon/resize/282/quality/80/optimize
49,노래방에서,장범준,장범준 3집,https://cdnimg.melon.co.kr/cm/album/images/102/64/375/10264375_500.jpg?f520343cf02d96609a9aa412a3a1cf6b/melon/resize/282/quality/80/optimize
50,心 (심),얀,Yarn II Story,https://cdnimg.melon.co.kr/cm/album/images/000/40/202/40202_500.jpg/melon/resize/282/quality/80/optimize
51,민들레 (single ver.),우효,민들레,https://cdnimg.melon.co.kr/cm/album/images/100/66/942/10066942_500.jpg?cbb2353535ac02552b9ceb224e9cebac/melon/resize/282/quality/80/optimize
52,The Astronaut,진,The Astronaut,https://cdnimg.melon.co.kr/cm2/album/images/110/89/457/11089457_20221028103340_500.jpg?8ca61a6bb95214f0575178534df6fd04/melon/resize/282/quality/80/optimize
53,별 보러 가자,적재,FINE,https://cdnimg.melon.co.kr/cm/album/images/100/44/071/10044071_500.jpg?39134379bd63b4569747e1a622b65b03/melon/resize/282/quality/80/optimize
54,안녕 (Hello),조이 (JOY),안녕 (Hello) - Special Album,https://cdnimg.melon.co.kr/cm2/album/images/106/14/899/10614899_20210531150225_500.jpg?6552fe9f84b8687075c289dcf34e61e2/melon/resize/282/quality/80/optimize
55,발걸음,에메랄드 캐슬,Invitation,https://cdnimg.melon.co.kr/cm/album/images/000/05/242/5242_500.jpg/melon/resize/282/quality/80/optimize
56,좋은 밤 좋은 꿈,너드커넥션 (Nerd Connection),좋은 밤 좋은 꿈,https://cdnimg.melon.co.kr/cm2/album/images/104/06/229/10406229_20200320173757_500.jpg?fd8d12afec35e2d1f310288e5bf81fa1/melon/resize/282/quality/80/optimize
57,겁쟁이,버즈,Buzz Effect,https://cdnimg.melon.co.kr/cm2/album/images/003/00/646/300646_20230306155609_500.jpg?fd4a2cf833b8c2db3192613021e50adb/melon/resize/282/quality/80/optimize
58,On The Ground,로제 (ROSÉ),R,https://cdnimg.melon.co.kr/cm2/album/images/105/76/966/10576966_20210312112253_500.jpg?427bc53a1ea3a27c298212194fc3f2c3/melon/resize/282/quality/80/optimize
59,Never Ending Story,부활,새벽,https://cdnimg.melon.co.kr/cm/album/images/000/16/672/16672_500.jpg?9fee676cf4b06f3fb163dc69b96a99f1/melon/resize/282/quality/80/optimize
60,LO$ER=LO♡ER,투모로우바이투게더,혼돈의 장: FIGHT OR ESCAPE,https://cdnimg.melon.co.kr/cm2/album/images/106/82/284/10682284_20210817142421_500.jpg?e5cbfb8ac561d83a053009f77ba714c3/melon/resize/282/quality/80/optimize
61,Endless,플라워,소품집,https://cdnimg.melon.co.kr/cm/album/images/000/00/781/781_500.jpg/melon/resize/282/quality/80/optimize
62,마지막 시,BIG Naughty (서동현),호프리스 로맨틱,https://cdnimg.melon.co.kr/cm2/album/images/111/91/359/11191359_20230227182139_500.jpg?2c2e78b510ff60f916f9082a26c17840/melon/resize/282/quality/80/optimize
63,고백,델리스파이스,Espresso,https://cdnimg.melon.co.kr/cm/album/images/000/29/678/29678_500.jpg/melon/resize/282/quality/80/optimize
64,봄비,장범준,장범준 2집,https://cdnimg.melon.co.kr/cm/album/images/026/74/213/2674213_500.jpg/melon/resize/282/quality/80/optimize
65,위잉위잉,혁오 (HYUKOH),20,https://cdnimg.melon.co.kr/cm/album/images/022/82/505/2282505_500.jpg/melon/resize/282/quality/80/optimize
66,여수 밤바다,버스커 버스커,버스커 버스커 1집,https://cdnimg.melon.co.kr/cm/album/images/020/97/226/2097226_500.jpg/melon/resize/282/quality/80/optimize
67,아니 근데 진짜,LUCY,INSERT COIN,https://cdnimg.melon.co.kr/cm2/album/images/111/86/804/11186804_20230222184500_500.jpg?1d6c9b7228337558fd7ba5deb5745948/melon/resize/282/quality/80/optimize
68,TOMBOY,혁오 (HYUKOH),23,https://cdnimg.melon.co.kr/cm/album/images/100/57/570/10057570_500.jpg?e0730f9950f40fb132c79bb362e2adfc/melon/resize/282/quality/80/optimize
69,견딜만해?,몽니,견딜만해?,https://cdnimg.melon.co.kr/cm2/album/images/112/17/353/11217353_20230404145133_500.jpg?03e84fa22693f9483f6bc2b849576d30/melon/resize/282/quality/80/optimize
70,By My Side,하현상,By My Side,https://cdnimg.melon.co.kr/cm2/album/images/112/10/385/11210385_20230324150507_500.jpg?5be47b7f06ceb00ae14c1b0e7dc4d764/melon/resize/282/quality/80/optimize
71,Starlight,태일 (TAEIL),스물다섯 스물하나 OST Part 1,https://cdnimg.melon.co.kr/cm2/album/images/108/65/475/10865475_20220211125700_500.jpg?665011ac82d75f35ef9b72d5f6e95703/melon/resize/282/quality/80/optimize
72,개화 (Flowering),LUCY,DEAR.,https://cdnimg.melon.co.kr/cm2/album/images/104/28/038/10428038_20200508161504_500.jpg?649155371b3049eb7a23f8b03e054387/melon/resize/282/quality/80/optimize
73,봄바람,김재환,봄바람,https://cdnimg.melon.co.kr/cm2/album/images/112/06/295/11206295_20230317171948_500.jpg?363ba33d85210fca0ba4280c9d96c535/melon/resize/282/quality/80/optimize
74,고백,장범준,첫 번째 '고백',https://cdnimg.melon.co.kr/cm2/album/images/106/55/122/10655122_20210719121109_500.jpg?13e683bf1394ebbc87270279ce873fa0/melon/resize/282/quality/80/optimize
75,이미 슬픈 사랑,야다 (Yada),Special Story,https://cdnimg.melon.co.kr/cm/album/images/003/15/981/315981_500.jpg/melon/resize/282/quality/80/optimize
76,당신과는 천천히,장범준,장범준 3집,https://cdnimg.melon.co.kr/cm/album/images/102/64/375/10264375_500.jpg?f520343cf02d96609a9aa412a3a1cf6b/melon/resize/282/quality/80/optimize
77,나에게로 떠나는 여행,버즈,Buzz Effect,https://cdnimg.melon.co.kr/cm2/album/images/003/00/646/300646_20230306155609_500.jpg?fd4a2cf833b8c2db3192613021e50adb/melon/resize/282/quality/80/optimize
78,등대,하현상,Calibrate,https://cdnimg.melon.co.kr/cm2/album/images/108/19/671/10819671_20211221120310_500.jpg?e788793f2c168af400068ad9d42440f9/melon/resize/282/quality/80/optimize
79,겨울을 걷는다,윤딴딴,반오십,https://cdnimg.melon.co.kr/cm/album/images/022/33/048/2233048_500.jpg/melon/resize/282/quality/80/optimize
80,봄바람 (Feat. 나얼),이문세,NEW DIRECTION,https://cdnimg.melon.co.kr/cm/album/images/023/12/722/2312722_500.jpg/melon/resize/282/quality/80/optimize
81,고백,10CM,두 번째 '고백',https://cdnimg.melon.co.kr/cm2/album/images/106/73/875/10673875_20210806151131_500.jpg?e748d6efdeae0515736efbd3352eada5/melon/resize/282/quality/80/optimize
82,끝말잇기 (Feat. Skinny Brown),TOIL,TOAST,https://cdnimg.melon.co.kr/cm2/album/images/111/58/784/11158784_20230130141354_500.jpg?665528f90d01f71e1e0a0f3f76c70ddb/melon/resize/282/quality/80/optimize
83,PSYCHO LOVE,Zior Park,PSYCHO LOVE,https://cdnimg.melon.co.kr/cm2/album/images/112/03/697/11203697_20230315145429_500.jpg?4cf986653c7cc5316ce6338cb3c323c9/melon/resize/282/quality/80/optimize
84,돌덩이,하현우 (국카스텐),이태원 클라쓰 OST Part.3,https://cdnimg.melon.co.kr/cm2/album/images/103/85/262/10385262_20200206141416_500.jpg?de3cdcdb80845908583f8e228f4d63da/melon/resize/282/quality/80/optimize
85,사랑은 가슴이 시킨다,버즈,사랑은 가슴이 시킨다,https://cdnimg.melon.co.kr/cm/album/images/003/10/414/310414_500.jpg?97e5c14611bd3c8d752a39905793102f/melon/resize/282/quality/80/optimize
86,흰수염고래,YB (윤도현 밴드),흰수염고래,https://cdnimg.melon.co.kr/cm/album/images/020/37/979/2037979_500.jpg/melon/resize/282/quality/80/optimize
87,비행운,문문 (MoonMoon),LIFE IS BEAUTY FULL,https://cdnimg.melon.co.kr/cm/album/images/100/13/929/10013929_500.jpg/melon/resize/282/quality/80/optimize
88,형 (兄),노라조,환골탈태 (換骨奪胎),https://cdnimg.melon.co.kr/cm/album/images/008/62/952/862952_500.jpg/melon/resize/282/quality/80/optimize
89,첫사랑,버스커 버스커,버스커 버스커 1집,https://cdnimg.melon.co.kr/cm/album/images/020/97/226/2097226_500.jpg/melon/resize/282/quality/80/optimize
90,MAGIC!,Zior Park,WHERE DOES SASQUATCH LIVE? PART 1,https://cdnimg.melon.co.kr/cm2/album/images/111/75/689/11175689_20230214163916_500.jpg?804f1485b012087a49b4cd5f288b215f/melon/resize/282/quality/80/optimize
91,할건지말건지,장기하,해 / 할건지말건지,https://cdnimg.melon.co.kr/cm2/album/images/112/17/916/11217916_20230405112618_500.jpg?f749525aa3acd33f9caac77d79b2ab41/melon/resize/282/quality/80/optimize
92,나랑 아니면,검정치마,TEAM BABY,https://cdnimg.melon.co.kr/cm/album/images/100/66/921/10066921_500.jpg?d681ad3ffefc92590ccb8cd33d55b4ee/melon/resize/282/quality/80/optimize
93,꽃길만 걷게 해줄게,데이브레이크 (DAYBREAK),WITH,https://cdnimg.melon.co.kr/cm/album/images/026/90/683/2690683_500.jpg/melon/resize/282/quality/80/optimize
94,고백 (영화 '동감' X 츄 (이달의 소녀)),츄(Chuu),고백 (영화 '동감' X 츄 (이달의 소녀)),https://cdnimg.melon.co.kr/cm2/album/images/110/78/402/11078402_20221014143446_500.jpg?0804744f4d981d946bae2d54db3daa4c/melon/resize/282/quality/80/optimize
95,제주도의 푸른 밤,태연 (TAEYEON),밴드 고맙삼다,https://cdnimg.melon.co.kr/cm/album/images/026/79/015/2679015_500.jpg/melon/resize/282/quality/80/optimize
96,고백,뜨거운 감자,시소,https://cdnimg.melon.co.kr/cm/album/images/008/42/655/842655_500.jpg/melon/resize/282/quality/80/optimize
97,처음엔 사랑이란게,버스커 버스커,버스커 버스커 2집,https://cdnimg.melon.co.kr/cm/album/images/022/02/410/2202410_500.jpg/melon/resize/282/quality/80/optimize
98,Raise Up The Flag,권진아,The Flag,https://cdnimg.melon.co.kr/cm2/album/images/111/92/782/11192782_20230228132223_500.jpg?9579fed046d778798cb2de819a99f46d/melon/resize/282/quality/80/optimize
99,먹구름,윤하 (YOUNHA),UNSTABLE MINDSET,https://cdnimg.melon.co.kr/cm2/album/images/103/72/085/10372085_20200106153324_500.jpg?ebc0e64b101670deec3305feb51fd22d/melon/resize/282/quality/80/optimize
100,행복했던 날들이었다,DAY6 (데이식스),Remember Us : Youth Part 2,https://cdnimg.melon.co.kr/cm/album/images/102/31/033/10231033_500.jpg?f1682c72de7588b147ee3c086127b40c/melon/resize/282/quality/80/optimize
