장르,순위,아티스트,곡명,앨범,앨범이미지,유튜브링크
그외_CCM,1,손경민,"은혜 (Feat. 지선,이윤화,하니,강찬,아이빅밴드)",은혜,https://cdnimg.melon.co.kr/cm2/album/images/105/35/166/10535166_20201216172733_500.jpg,https://www.youtube.com/watch?v=pZuW2CV0mXY
그외_CCM,2,WELOVE,어둔 날 다 지나고,"Your Kingdom, Our Home",https://cdnimg.melon.co.kr/cm2/album/images/107/63/658/10763658_20211104115302_500.jpg,https://www.youtube.com/watch?v=EqDL2-OW1Z4
그외_CCM,3,WELOVE,시간을 뚫고,WELOVE UNDERGROUND,https://cdnimg.melon.co.kr/cm/album/images/102/24/437/10224437_500.jpg,https://www.youtube.com/watch?v=A0FUMbDKmLA
그외_CCM,4,마커스워십 (MARKERS WORSHIP),꽃들도 (인도 : 소진영),마커스워십 ON Vol.3,https://cdnimg.melon.co.kr/cm/album/images/101/97/449/10197449_500.jpg,https://www.youtube.com/watch?v=1UKab9UeWNA
그외_CCM,5,마커스,부르신 곳에서,2009 마커스 라이브 워십 (Stand In Awe),https://cdnimg.melon.co.kr/cm/album/images/005/36/451/536451_500.jpg,https://www.youtube.com/watch?v=5Su-FPh0MlA
그외_CCM,6,제이어스,내 모습 이대로 (Just As I Am),Born Again,https://cdnimg.melon.co.kr/cm/album/images/023/20/087/2320087_500.jpg,https://www.youtube.com/watch?v=FV5nMb93UwY
그외_CCM,7,찬미워십,원하고 바라고 기도합니다,원하고 바라고 기도합니다,https://cdnimg.melon.co.kr/cm/album/images/101/86/657/10186657_500.jpg,https://www.youtube.com/watch?v=eoDsJr7LF-0
그외_CCM,8,WELOVE,입례 (예배하는 자 되어),[입례 入禮],https://cdnimg.melon.co.kr/cm2/album/images/106/50/522/10650522_20210713133104_500.jpg,https://www.youtube.com/watch?v=6Xdy8I6aGpg
그외_CCM,9,WELOVE,공감하시네,공감,https://cdnimg.melon.co.kr/cm2/album/images/103/27/673/10327673_500.jpg,https://www.youtube.com/watch?v=4jH3MqokNMw
그외_CCM,10,염평안,요게벳의 노래 (Feat. 조찬미),IN THE BIBLE,https://cdnimg.melon.co.kr/cm/album/images/101/74/407/10174407_500.jpg,https://www.youtube.com/watch?v=knI6bsXeg2U
그외_CCM,11,짐니 (JIMNI),너는 내게 와 편히 쉬어라,너는 내게 와 편히 쉬어라,https://cdnimg.melon.co.kr/cm/album/images/101/64/374/10164374_500.jpg,https://www.youtube.com/watch?v=0ZgniLzwuaE
그외_CCM,12,마커스,그 사랑,마커스 라이브,https://cdnimg.melon.co.kr/cm/album/images/012/63/952/1263952_500.jpg,https://www.youtube.com/watch?v=5TroLBvlyp4
그외_CCM,13,김복유,"잇쉬가 잇샤에게 (With 이상혁, 이시연, 오종훈, 안혜정)",잇쉬가 잇샤에게,https://cdnimg.melon.co.kr/cm/album/images/100/98/984/10098984_500.jpg,https://www.youtube.com/watch?v=__IxH9jeRo0
그외_CCM,14,히즈윌 (HisWill),"믿음이 없이는 (Feat. 김동욱, 강지은, 조서연, 조성범)",믿음이 필요해,https://cdnimg.melon.co.kr/cm/album/images/101/04/927/10104927_500.jpg,https://www.youtube.com/watch?v=Y0Uiss0-ukc
그외_CCM,15,장한이(하니),행복,행복,https://cdnimg.melon.co.kr/cm/album/images/101/10/978/10110978_500.jpg,https://www.youtube.com/watch?v=c3YXu_POVOw
그외_CCM,16,WELOVE,다시 일어나,Get Back Up Again,https://cdnimg.melon.co.kr/cm2/album/images/110/57/501/11057501_20220916112933_500.jpg,https://www.youtube.com/watch?v=qDyCoSMia48
그외_CCM,17,"지선, 손경민",충만,충만,https://cdnimg.melon.co.kr/cm2/album/images/103/75/731/10375731_20200114162159_500.jpg,https://www.youtube.com/watch?v=IFX1nyHpKp8
그외_CCM,18,어노인팅,우린 주를 만나고,어노인팅 예배캠프 2022 Chapter 1,https://cdnimg.melon.co.kr/cm2/album/images/111/41/742/11141742_20230106170624_500.jpg,https://www.youtube.com/watch?v=4vx04hIvnRA
그외_CCM,19,심형진,비 준비하시니(Psalm_147) (Live Version),비 준비하시니(Psalm_147),https://cdnimg.melon.co.kr/cm2/album/images/109/24/535/10924535_20220418203349_500.jpg,https://www.youtube.com/watch?v=95vtJk3nEOQ
그외_CCM,20,제이어스,시편 139편,The Beginning,https://cdnimg.melon.co.kr/cm/album/images/022/63/213/2263213_500.jpg,https://www.youtube.com/watch?v=mgS_ng-wAqY
그외_CCM,21,어노인팅,온 땅의 주인 (Who Am I),어노인팅 12집,https://cdnimg.melon.co.kr/cm/album/images/100/39/145/10039145_500.jpg,https://www.youtube.com/watch?v=-ZcTrYvCGPk
그외_CCM,22,WELOVE,하나님의 사랑이,WELOVE LIVE II,https://cdnimg.melon.co.kr/cm/album/images/101/70/076/10170076_500.jpg,https://www.youtube.com/watch?v=fV69rb_MO3o
그외_CCM,23,히즈윌 (HisWill),광야를 지나며,살아가다,https://cdnimg.melon.co.kr/cm/album/images/022/16/928/2216928_500.jpg,https://www.youtube.com/watch?v=qaIqilD7QTI
그외_CCM,24,마커스워십 (MARKERS WORSHIP),거친 길 위를 걸어갈 때도 (Even when I walk on rough roads) (인도 : 소진영),MARKERS WORSHIP STUDIO,https://cdnimg.melon.co.kr/cm2/album/images/105/48/647/10548647_20210115162128_500.jpg,https://www.youtube.com/watch?v=tMjSg5lFFaU
그외_CCM,25,마커스워십 (MARKERS WORSHIP),선한 능력으로 (Von guten Mächten) (인도 : 소진영),마커스워십 ON Vol.7,https://cdnimg.melon.co.kr/cm2/album/images/105/94/434/10594434_20210416162142_500.jpg,https://www.youtube.com/watch?v=vG_E39ZYAjs
그외_CCM,26,WELOVE,끝없는 사랑 / 주님은 신실하고,WELOVE Retouched II,https://cdnimg.melon.co.kr/cm2/album/images/109/22/558/10922558_20220415120651_500.jpg,https://www.youtube.com/watch?v=IRxLKV8KzUI
그외_CCM,27,마커스워십 (MARKERS WORSHIP),오직 예수 뿐이네 Only Jesus (인도 : 소진영),마커스워십 2016 (Markers Worship 2016),https://cdnimg.melon.co.kr/cm/album/images/100/08/134/10008134_500.jpg,https://www.youtube.com/watch?v=fptmag7dexc
그외_CCM,28,마커스,주는 완전합니다,마커스 라이브워십 7,https://cdnimg.melon.co.kr/cm/album/images/023/07/833/2307833_500.jpg,https://www.youtube.com/watch?v=NM0L5Bx3gf0
그외_CCM,29,김윤진,아무것도 두려워 말라 (Don't Be Afraid),예배하는 이에게 (김윤진 한성 라이브워십),https://cdnimg.melon.co.kr/cm/album/images/101/36/495/10136495_500.jpg,https://www.youtube.com/watch?v=VQbYnMhyKYc
그외_CCM,30,어노인팅,푯대를 향하여,어노인팅 예배캠프 2021 Chapter 4,https://cdnimg.melon.co.kr/cm2/album/images/105/92/206/10592206_20210413182945_500.jpg,https://www.youtube.com/watch?v=KAIuTUg7iR4
그외_CCM,31,제이어스,시편 139편 (Psalm 139),시편 139편,https://cdnimg.melon.co.kr/cm/album/images/021/86/547/2186547_500.jpg,https://www.youtube.com/watch?v=mgS_ng-wAqY
그외_CCM,32,Disciples,주 사랑이 나를 숨쉬게 해,Pure Worship,https://cdnimg.melon.co.kr/cm/album/images/006/35/354/635354_500.jpg,https://www.youtube.com/watch?v=aVx7ULQiNO8
그외_CCM,33,마커스워십 (MARKERS WORSHIP),"예수, 늘 함께 하시네 Jesus, Always With Me (인도 : 소진영)",마커스워십 2017 (Markers Worship 2017) How Can I Go?,https://cdnimg.melon.co.kr/cm/album/images/101/04/496/10104496_500.jpg,https://www.youtube.com/watch?v=4v0oHeJ8-2k
그외_CCM,34,WELOVE,낮은 곳으로,WELOVE LIVE II,https://cdnimg.melon.co.kr/cm/album/images/101/70/076/10170076_500.jpg,https://www.youtube.com/watch?v=yhiCeCJ2zbU
그외_CCM,35,마커스워십 (MARKERS WORSHIP),다윗의 노래 David's Song (인도 : 소진영),마커스워십 2017 (Markers Worship 2017) How Can I Go?,https://cdnimg.melon.co.kr/cm/album/images/101/04/496/10104496_500.jpg,https://www.youtube.com/watch?v=vQeAmrM17BM
그외_CCM,36,어노인팅,나는 예배자입니다,어노인팅 예배캠프 2016,https://cdnimg.melon.co.kr/cm/album/images/026/94/554/2694554_500.jpg,https://www.youtube.com/watch?v=HHupVXtnjRs
그외_CCM,37,마커스,주 은혜임을,마커스 스튜디오 워십,https://cdnimg.melon.co.kr/cm/album/images/022/43/492/2243492_500.jpg,https://www.youtube.com/watch?v=7kuBu5Qa3PA
그외_CCM,38,홍이삭,하나님의 세계,하나님의 세계,https://cdnimg.melon.co.kr/cm/album/images/023/02/333/2302333_500.jpg,https://www.youtube.com/watch?v=nUTvfKu7q3c
그외_CCM,39,소진영,나의 한숨을 바꾸셨네 He Changed My Sigh,SO JIN YOUNG 소진영,https://cdnimg.melon.co.kr/cm/album/images/102/54/357/10254357_500.jpg,https://www.youtube.com/watch?v=H79FL5F4Mak
그외_CCM,40,제이어스,Love Never Fails (부제 : 여호와께 돌아가자) (Live),Love Never Fails (Live),https://cdnimg.melon.co.kr/cm/album/images/100/50/653/10050653_500.jpg,https://www.youtube.com/watch?v=NYiH9ftHjWo
그외_CCM,41,마커스,그가 오신 이유,2012 마커스 라이브워십,https://cdnimg.melon.co.kr/cm/album/images/021/17/594/2117594_500.jpg,https://www.youtube.com/watch?v=6MCaECq6Czg
그외_CCM,42,피아워십 (F.I.A WORSHIP),하나님의 부르심,하나님의 부르심,https://cdnimg.melon.co.kr/cm2/album/images/105/21/269/10521269_20201221132114_500.jpg,https://www.youtube.com/watch?v=m18zQxyY2x8
그외_CCM,43,마커스워십 (MARKERS WORSHIP),길을 만드시는 분 (Way Maker) (인도 : 소진영),마커스워십 ON Vol.6,https://cdnimg.melon.co.kr/cm2/album/images/104/70/416/10470416_20200731154330_500.jpg,https://www.youtube.com/watch?v=W9JMKBH6HQU
그외_CCM,44,예수전도단 화요모임,시선,Campus Worship His Kingdom Come,https://cdnimg.melon.co.kr/cm/album/images/010/78/068/1078068_500.jpg,https://www.youtube.com/watch?v=7tN-Fuaa_MQ
그외_CCM,45,아이자야씩스티원(Isaiah6tyOne),빛으로 비추시네,YOUR KINGDOM COME (LIVE),https://cdnimg.melon.co.kr/cm2/album/images/110/22/316/11022316_20220804105244_500.jpg,https://www.youtube.com/watch?v=4KDP6E2Kezo
그외_CCM,46,마커스워십 (MARKERS WORSHIP),주만 의지해 Trust Him (인도 : 심종호),마커스워십2018 (Markers Worship 2018) SINGING I GO,https://cdnimg.melon.co.kr/cm/album/images/102/14/209/10214209_500.jpg,https://www.youtube.com/watch?v=MrKACrWdO-0
그외_CCM,47,Jworship,꽃들도 (花も) (Feat. 한재호),Jworship 4 (일본에 부어주신 찬양의 기름부음),https://cdnimg.melon.co.kr/cm/album/images/100/53/315/10053315_500.jpg,https://www.youtube.com/watch?v=BjNL5BA6kYQ
그외_CCM,48,WELOVE,주 나와 함께하시니 (시편23편),WELOVE ON THE RIVER,https://cdnimg.melon.co.kr/cm/album/images/101/97/564/10197564_500.jpg,https://www.youtube.com/watch?v=EbeXbzx1vjg
그외_CCM,49,마커스워십 (MARKERS WORSHIP),내 마음을 가득 채운 (인도 : 심종호),마커스워십 ON Vol.3,https://cdnimg.melon.co.kr/cm/album/images/101/97/449/10197449_500.jpg,https://www.youtube.com/watch?v=DWENC-83Zno
그외_CCM,50,손경민,"청년의 기도 (Feat. 우혜림,남궁정윤,배현미,정다윗,박시온,안혜연,박한나)",청년의 기도,https://cdnimg.melon.co.kr/cm2/album/images/105/47/000/10547000_20210113155303_500.jpg,https://www.youtube.com/watch?v=Xy8uUdy2Ci8
그외_CCM,51,박우정,나의 하나님,가스펠스타C 시즌7,https://cdnimg.melon.co.kr/cm/album/images/101/18/120/10118120_500.jpg,https://www.youtube.com/watch?v=evFTNQOrL3w
그외_CCM,52,제이어스,Born Again,Born Again,https://cdnimg.melon.co.kr/cm/album/images/023/20/087/2320087_500.jpg,https://www.youtube.com/watch?v=roh3jsvkTZ0
그외_CCM,53,WELOVE,모든 생명들아 소리쳐,모든 생명들아 소리쳐,https://cdnimg.melon.co.kr/cm2/album/images/104/57/911/10457911_20200708174238_500.jpg,https://www.youtube.com/watch?v=EjcYiIVRI0w
그외_CCM,54,어노인팅,예수 우리들의 밝은 빛,어노인팅 예배캠프 2016,https://cdnimg.melon.co.kr/cm/album/images/026/94/554/2694554_500.jpg,https://www.youtube.com/watch?v=U2FI3vdoTY8
그외_CCM,55,러빔 (Luvim),하나님의 열심,Zeal of GOD,https://cdnimg.melon.co.kr/cm2/album/images/105/86/283/10586283_20210401173921_500.jpg,https://www.youtube.com/watch?v=QkHKe6bPPE0
그외_CCM,56,마커스워십 (MARKERS WORSHIP),나 오직 주를 Only You (인도 : 소진영),마커스워십 2019 (Markers Worship 2019) DECLARE ALL YOUR WONDERS,https://cdnimg.melon.co.kr/cm2/album/images/103/46/693/10346693_500.jpg,https://www.youtube.com/watch?v=VvZBuwWhLRE
그외_CCM,57,달빛마을,이 시간 너의 맘 속에 (Vocal 짐니),골방라이브,https://cdnimg.melon.co.kr/cm2/album/images/103/99/843/10399843_20200306154423_500.jpg,https://www.youtube.com/watch?v=w2kO9QiWXGI
그외_CCM,58,WELOVE,더 원합니다,WELOVE Retouched III,https://cdnimg.melon.co.kr/cm2/album/images/112/00/166/11200166_20230309171100_500.jpg,https://www.youtube.com/watch?v=4LnEHg4nFuI
그외_CCM,59,마커스,날 향한 계획,2009 마커스 라이브 워십 (Stand In Awe),https://cdnimg.melon.co.kr/cm/album/images/005/36/451/536451_500.jpg,https://www.youtube.com/watch?v=zHFx4zGHRNs
그외_CCM,60,마커스워십 (MARKERS WORSHIP),예수로 사는 인생 Living in Jesus (인도:심종호),마커스워십 예수로 사는 인생,https://cdnimg.melon.co.kr/cm2/album/images/110/94/942/11094942_20221104161230_500.jpg,https://www.youtube.com/watch?v=stTEWG3W_Tg
그외_CCM,61,제이어스,Love Never Fails,Love Never Fails,https://cdnimg.melon.co.kr/cm/album/images/100/00/443/10000443_500.jpg,https://www.youtube.com/watch?v=NYiH9ftHjWo
그외_CCM,62,천관웅,밀알,Miracle Generation,https://cdnimg.melon.co.kr/cm/album/images/003/22/596/322596_500.jpg,https://www.youtube.com/watch?v=L2QueVJKGRY
그외_CCM,63,WELOVE,나를 부르신 주,나를 부르신 주,https://cdnimg.melon.co.kr/cm2/album/images/109/43/160/10943160_20220504164430_500.jpg,https://www.youtube.com/watch?v=qGCOrFeD4Hk
그외_CCM,64,제이어스,주님을 예배하는 것,주님을 예배하는 것,https://cdnimg.melon.co.kr/cm2/album/images/110/52/210/11052210_20220913112846_500.jpg,https://www.youtube.com/watch?v=tJNAg7b91Eg
그외_CCM,65,어노인팅,목마른 사슴이,어노인팅 예배캠프 2022 Chapter 1,https://cdnimg.melon.co.kr/cm2/album/images/111/41/742/11141742_20230106170624_500.jpg,https://www.youtube.com/watch?v=ele4YXY84lY
그외_CCM,66,WELOVE,우린 물러서지 않으리,Get Back Up Again,https://cdnimg.melon.co.kr/cm2/album/images/110/57/501/11057501_20220916112933_500.jpg,https://www.youtube.com/watch?v=mPjM5u1fGAA
그외_CCM,67,WELOVE,공급자,"people, Ecclesia",https://cdnimg.melon.co.kr/cm2/album/images/105/35/170/10535170_20201216172945_500.jpg,https://www.youtube.com/watch?v=Y1owMuZr9_Q
그외_CCM,68,예수전도단 화요모임,멈출 수 없네,Campus Worship (영광의 이름 예수) 3집,https://cdnimg.melon.co.kr/cm/album/images/003/26/890/326890_500.jpg,https://www.youtube.com/watch?v=wz5yjK-uuyo
그외_CCM,69,제이어스,내 모든 삶의 행동 주 안에 / 승리하였네,The Beginning,https://cdnimg.melon.co.kr/cm/album/images/022/63/213/2263213_500.jpg,https://www.youtube.com/watch?v=6RUSp_XVmRs
그외_CCM,70,마커스워십 (MARKERS WORSHIP),깊어진 삶을 주께 Deepened Life To You (인도 : 심종호),마커스워십 2019 (Markers Worship 2019) DECLARE ALL YOUR WONDERS,https://cdnimg.melon.co.kr/cm2/album/images/103/46/693/10346693_500.jpg,https://www.youtube.com/watch?v=KEIUmybsN9U
그외_CCM,71,어노인팅,모든 상황속에서,예배인도자 컨퍼런스 2006,https://cdnimg.melon.co.kr/cm/album/images/003/48/642/348642_500.jpg,https://www.youtube.com/watch?v=sjrMa3CNxFs
그외_CCM,72,주리,천 번을 불러도,트리니티2010 주리 2집 - 천번을 불러도,https://cdnimg.melon.co.kr/cm/album/images/008/74/353/874353_500.jpg,https://www.youtube.com/watch?v=j5Z9ZCuOmTM
그외_CCM,73,홀리원,우리는 주의 움직이는 교회 (Feat. 지미선),우리는 주의 움직이는 교회,https://cdnimg.melon.co.kr/cm/album/images/022/50/810/2250810_500.jpg,https://www.youtube.com/watch?v=Yijd54U20es
그외_CCM,74,소리엘,나로부터 시작되리,이땅의 부흥은 나로부터 시작되리,https://cdnimg.melon.co.kr/cm/album/images/000/43/771/43771_500.jpg,https://www.youtube.com/watch?v=RBTIG4PGc9o
그외_CCM,75,The Nucleus,그런 사랑,The Nucleus,https://cdnimg.melon.co.kr/cm/album/images/020/91/346/2091346_500.jpg,https://www.youtube.com/watch?v=PCPK83FUPS8
그외_CCM,76,손경민,"일상 (with 아이빅밴드,하니)",일상,https://cdnimg.melon.co.kr/cm2/album/images/106/71/595/10671595_20210804172703_500.jpg,https://www.youtube.com/watch?v=2tSN0sQiLe4
그외_CCM,77,어노인팅,성령이 오셨네,예배인도자 컨퍼런스 2007,https://cdnimg.melon.co.kr/cm/album/images/003/74/637/374637_500.jpg,https://www.youtube.com/watch?v=o7Fb3Uvs2lU
그외_CCM,78,마커스워십 (MARKERS WORSHIP),실로암 (SILOAM) (인도 : 소진영),마커스워십 ON Vol.5,https://cdnimg.melon.co.kr/cm2/album/images/104/06/411/10406411_20200320184533_500.jpg,https://www.youtube.com/watch?v=opKSTl59Ypk
그외_CCM,79,유은성,"주의 손에 나의 손을 포개고 (Feat. 유은성, 박요한)",난 이렇게 많이 받았는데,https://cdnimg.melon.co.kr/cm/album/images/010/29/857/1029857_500.jpg,https://www.youtube.com/watch?v=gpbdys6G6aY
그외_CCM,80,어노인팅,온 맘 다해 (With All My Heart),어노인팅 5집,https://cdnimg.melon.co.kr/cm/album/images/003/07/544/307544_500.jpg,https://www.youtube.com/watch?v=24NE0fEj_I4
그외_CCM,81,아이자야씩스티원(Isaiah6tyOne),주님의 마음 있는 곳,주님의 마음 있는 곳,https://cdnimg.melon.co.kr/cm/album/images/102/37/311/10237311_500.jpg,https://www.youtube.com/watch?v=k8qloQzenSo
그외_CCM,82,WELOVE,허망해 보이나,"people, Ecclesia",https://cdnimg.melon.co.kr/cm2/album/images/105/35/170/10535170_20201216172945_500.jpg,https://www.youtube.com/watch?v=0a7jk9GhG4E
그외_CCM,83,WELOVE,사랑 중에 사랑,사랑 중에 사랑,https://cdnimg.melon.co.kr/cm/album/images/102/50/181/10250181_500.jpg,https://www.youtube.com/watch?v=GDoarJJezi0
그외_CCM,84,김도현,성령이 오셨네,성령이 오셨네,https://cdnimg.melon.co.kr/cm/album/images/003/21/151/321151_500.jpg,https://www.youtube.com/watch?v=cSeoTN9ztRk
그외_CCM,85,어노인팅,우리의 예배는,어노인팅 예배캠프 2022 Chapter 1,https://cdnimg.melon.co.kr/cm2/album/images/111/41/742/11141742_20230106170624_500.jpg,https://www.youtube.com/watch?v=aI1mBHj194o
그외_CCM,86,제이어스,십자가 (The Cross),Born Again,https://cdnimg.melon.co.kr/cm/album/images/023/20/087/2320087_500.jpg,https://www.youtube.com/watch?v=rJi0wNooA2Q
그외_CCM,87,아이자야씩스티원(Isaiah6tyOne),삶의 예배,삶의 예배,https://cdnimg.melon.co.kr/cm2/album/images/103/61/046/10361046_500.jpg,https://www.youtube.com/watch?v=_DGUe5aZR9o
그외_CCM,88,피아워십 (F.I.A WORSHIP),나는 주를 섬기는 것에 후회가 없습니다,주를 향한 나의 예배,https://cdnimg.melon.co.kr/cm2/album/images/108/51/886/10851886_20220126153530_500.jpg,https://www.youtube.com/watch?v=AmwX2-BIpRU
그외_CCM,89,예수전도단 화요모임,아름다우신,Campus Worship Vol.5 Wonderful Love & Miracle,https://cdnimg.melon.co.kr/cm/album/images/003/59/604/359604_500.jpg,https://www.youtube.com/watch?v=NK4lobZMk3o
그외_CCM,90,어노인팅,예배합니다,예배인도자 컨퍼런스 2006,https://cdnimg.melon.co.kr/cm/album/images/003/48/642/348642_500.jpg,https://www.youtube.com/watch?v=3tS9GKBdqvU
그외_CCM,91,제이어스,나의 백성이,The Beginning,https://cdnimg.melon.co.kr/cm/album/images/022/63/213/2263213_500.jpg,https://www.youtube.com/watch?v=sxmvTLUd--U
그외_CCM,92,마커스워십 (MARKERS WORSHIP),믿음과 삶 Faith And Life (Solo 박은미),마커스워십 2017 (Markers Worship 2017) How Can I Go?,https://cdnimg.melon.co.kr/cm/album/images/101/04/496/10104496_500.jpg,https://www.youtube.com/watch?v=cSu0JoIWP7g
그외_CCM,93,브라이언킴,주가 일하시네,주가 일하시네,https://cdnimg.melon.co.kr/cm/album/images/020/62/386/2062386_500.jpg,https://www.youtube.com/watch?v=kwFW0zE80UU
그외_CCM,94,소리엘,야곱의 축복,소리엘 20주년 베스트앨범,https://cdnimg.melon.co.kr/cm/album/images/003/86/454/386454_500.jpg,https://www.youtube.com/watch?v=3gLDcA6yYRU
그외_CCM,95,마커스워십 (MARKERS WORSHIP),내 안의 한계를 넘어 (Beyond my limits) (인도 : 소진영),MARKERS WORSHIP STUDIO,https://cdnimg.melon.co.kr/cm2/album/images/105/48/647/10548647_20210115162128_500.jpg,https://www.youtube.com/watch?v=3NNBppCgpqs
그외_CCM,96,마커스,감사함으로,Our Song 2 - Face To Face,https://cdnimg.melon.co.kr/cm/album/images/003/13/844/313844_500.jpg,https://www.youtube.com/watch?v=jm_fUziwymg
그외_CCM,97,Disciples,내 이름 아시죠,Run,https://cdnimg.melon.co.kr/cm/album/images/000/05/953/5953_500.jpg,https://www.youtube.com/watch?v=ggm85ZWnTHQ
그외_CCM,98,WELOVE,오라 우리가,WELOVE Retouched III,https://cdnimg.melon.co.kr/cm2/album/images/112/00/166/11200166_20230309171100_500.jpg,https://www.youtube.com/watch?v=lGMV8YOESLA
그외_CCM,99,소리엘,주님 말씀하시면,소리엘 워십 - 향기로운 제물,https://cdnimg.melon.co.kr/cm/album/images/003/01/825/301825_500.jpg,https://www.youtube.com/watch?v=jM4mPXLFzfQ
그외_CCM,100,워십클라우드,주 예수 내 산 소망 (Living Hope),Living Hope,https://cdnimg.melon.co.kr/cm2/album/images/104/31/979/10431979_20200519110653_500.jpg,https://www.youtube.com/watch?v=X3CHGjblw-s
